"red","green","blue","ir","ndvi","Cmmn_Nm","red_blue","red_green","blue_green"
4267,3761,2608,7286,0.261317406734182,"Bigleaf Maple",1.63611963190184,1.13453868651954,0.693432597713374
4543,3925,2905,5679,0.111132850714146,"Bigleaf Maple",1.56385542168675,1.15745222929936,0.740127388535032
3985,3443,2458,5267,0.138564634673584,"Bigleaf Maple",1.62123677786819,1.15742085390648,0.71391228579727
4592,3943,2970,4341,-0.0280980633605732,"Bigleaf Maple",1.54612794612795,1.16459548567081,0.753233578493533
3845,2727,1477,4426,0.0702454358602346,"Bigleaf Maple",2.60324983073798,1.40997433076641,0.541620828749542
4137,3596,2638,4918,0.0862506902263943,"Bigleaf Maple",1.56823351023503,1.15044493882091,0.733592880978865
4029,3396,2394,4485,0.0535588442565187,"Bigleaf Maple",1.68295739348371,1.18639575971731,0.704946996466431
4157,3374,2390,6134,0.192109610339131,"Bigleaf Maple",1.73933054393305,1.2320687611144,0.708358032009484
4300,3717,2724,5581,0.129642748709645,"Bigleaf Maple",1.57856093979442,1.15684691955878,0.732849071832123
3794,2611,1637,3227,-0.0807577268195414,"Bigleaf Maple",2.31765424557117,1.45308310991957,0.626962849482957
3867,3260,2278,3596,-0.0363124748760552,"Bigleaf Maple",1.69754170324846,1.1861963190184,0.698773006134969
3915,3222,2123,4308,0.0477927763589931,"Bigleaf Maple",1.84408855393311,1.21508379888268,0.658907510862818
4010,3324,2247,5070,0.116740088105727,"Bigleaf Maple",1.78460169114375,1.20637785800241,0.675992779783393
4175,3683,2599,6069,0.184888715345568,"Bigleaf Maple",1.60638707195075,1.13358674993212,0.705674721694271
4405,3866,2826,5392,0.100745126058998,"Bigleaf Maple",1.55874026893135,1.13942058975685,0.730988101396793
4261,3721,2610,8004,0.305177333876885,"Bigleaf Maple",1.63256704980843,1.14512227895727,0.701424348293469
4373,3596,2733,5578,0.121093357451512,"Bigleaf Maple",1.60007317965606,1.21607341490545,0.760011123470523
4827,4531,3800,5140,0.0314036319855523,"Bigleaf Maple",1.27026315789474,1.06532774222026,0.838666960935776
4912,4464,3333,6495,0.138774436749364,"Bigleaf Maple",1.47374737473747,1.10035842293907,0.746639784946237
4231,3557,2570,5158,0.0987325593779955,"Bigleaf Maple",1.64630350194553,1.18948552150689,0.72251897666573
5073,4575,3533,6378,0.113963845952319,"Bigleaf Maple",1.43589017831871,1.10885245901639,0.77224043715847
4132,3594,2565,5299,0.123740854628353,"Bigleaf Maple",1.61091617933723,1.149693934335,0.713689482470785
4141,3572,2512,5875,0.173123003194888,"Bigleaf Maple",1.6484872611465,1.15929451287794,0.703247480403135
4820,4035,2799,6133,0.119875833105085,"Bigleaf Maple",1.72204358699536,1.19454770755886,0.693680297397769
3831,3148,2098,4266,0.0537236013338273,"Bigleaf Maple",1.82602478551001,1.21696315120712,0.666454891994917
4335,3753,2956,5283,0.098565190268247,"Bigleaf Maple",1.46650879566982,1.1550759392486,0.78763655742073
4452,3981,3241,4728,0.0300653594771242,"Bigleaf Maple",1.37365010799136,1.11831198191409,0.814117056016076
4390,3779,2731,4943,0.0592521161470052,"Bigleaf Maple",1.60746979128524,1.16168298491664,0.722677957131516
4739,4253,3412,5330,0.0586950044691628,"Bigleaf Maple",1.38892145369285,1.11427227839172,0.802257230190454
4192,3771,2794,6100,0.185386708122814,"Bigleaf Maple",1.50035790980673,1.11164147440997,0.740917528507027
3749,2701,1640,4310,0.0696116143442114,"Bigleaf Maple",2.2859756097561,1.38800444279896,0.607182524990744
4050,3613,2826,4751,0.0796500397682082,"Bigleaf Maple",1.43312101910828,1.120952117354,0.782175477442569
4364,3843,2798,7009,0.232568363668337,"Bigleaf Maple",1.55968548963545,1.13557116835805,0.72807702315899
3949,3445,2368,6446,0.24021164021164,"Bigleaf Maple",1.66765202702703,1.14629898403483,0.687373004354136
5103,4512,3565,4381,-0.0761282159426402,"Bigleaf Maple",1.43141654978962,1.13098404255319,0.79011524822695
3762,2669,1509,3360,-0.0564448188711036,"Bigleaf Maple",2.49304174950298,1.4095166729112,0.565380292244286
3990,3280,2238,4909,0.103270030340488,"Bigleaf Maple",1.7828418230563,1.21646341463415,0.682317073170732
3870,3146,2040,4061,0.0240827134031018,"Bigleaf Maple",1.89705882352941,1.23013350286078,0.648442466624285
3997,2935,1881,4942,0.105716523101018,"Bigleaf Maple",2.12493354598618,1.3618398637138,0.640885860306644
4276,3449,2416,4407,0.0150869515144535,"Bigleaf Maple",1.76986754966887,1.23977964627428,0.700492896491737
4341,3602,2597,6175,0.174400912894637,"Bigleaf Maple",1.67154408933385,1.20516379789006,0.720988339811216
3927,3485,2488,5043,0.124414715719064,"Bigleaf Maple",1.57837620578778,1.12682926829268,0.713916786226686
3813,3110,2179,5142,0.148408710217755,"Bigleaf Maple",1.74988526847178,1.22604501607717,0.70064308681672
3760,2662,1610,3730,-0.00400534045393859,"Bigleaf Maple",2.33540372670807,1.41247182569497,0.60480841472577
4441,3917,2772,5991,0.148581288343558,"Bigleaf Maple",1.60209235209235,1.13377584886393,0.707684452387031
3876,3306,2226,4876,0.114259597806216,"Bigleaf Maple",1.74123989218329,1.17241379310345,0.673321234119782
3941,3462,2340,5543,0.168916069169127,"Bigleaf Maple",1.68418803418803,1.13835932986713,0.675909878682842
3984,3292,2336,4648,0.0769230769230769,"Bigleaf Maple",1.70547945205479,1.21020656136087,0.709599027946537
4264,3727,2570,5281,0.10654793085385,"Bigleaf Maple",1.6591439688716,1.14408371344245,0.689562650925677
5831,5603,4077,6176,0.0287332389439494,"Bigleaf Maple",1.43021829776797,1.04069248616812,0.727645903980011
3912,3257,2246,4498,0.069678953626635,"Bigleaf Maple",1.74176313446126,1.20110531163648,0.689591648756524
4130,3308,2274,4879,0.0831390831390831,"Bigleaf Maple",1.81618293755497,1.24848851269649,0.687424425634825
4231,3687,2637,7772,0.295009580938099,"Bigleaf Maple",1.60447478194918,1.1475454298888,0.715215622457282
5456,4925,4488,4926,-0.0510498940473897,"Bigleaf Maple",1.2156862745098,1.10781725888325,0.911269035532995
4401,3858,2756,5602,0.120063980805758,"Bigleaf Maple",1.59687953555878,1.1407465007776,0.71435977190254
3892,3352,2370,5319,0.154923461079145,"Bigleaf Maple",1.642194092827,1.16109785202864,0.707040572792363
4268,3668,2604,5234,0.101662807829931,"Bigleaf Maple",1.63901689708141,1.16357688113413,0.709923664122137
4197,3665,2648,6033,0.179472140762463,"Bigleaf Maple",1.58496978851964,1.14515688949523,0.722510231923602
3710,2342,1578,3436,-0.0383431290232298,"Bigleaf Maple",2.3510773130545,1.58411614005124,0.673783091374893
4428,3900,2759,8032,0.289245585874799,"Bigleaf Maple",1.6049293222182,1.13538461538462,0.707435897435897
4448,4196,3306,6249,0.168364962138917,"Bigleaf Maple",1.34543254688445,1.06005719733079,0.78789323164919
4302,3719,2744,5814,0.149466192170818,"Bigleaf Maple",1.56778425655977,1.15676257058349,0.737832750739446
4022,3493,2463,6577,0.241060477403529,"Bigleaf Maple",1.63296792529436,1.15144574864014,0.705124534783853
3988,3332,2269,5339,0.144848289911011,"Bigleaf Maple",1.7576024680476,1.1968787515006,0.680972388955582
3768,2887,1715,4414,0.0789538010266439,"Bigleaf Maple",2.19708454810496,1.3051610668514,0.594042258399723
4528,4049,3253,4554,0.00286280554943845,"Bigleaf Maple",1.39194589609591,1.11830081501605,0.803408248950358
4176,3659,2564,6041,0.182538905745326,"Bigleaf Maple",1.62870514820593,1.14129543591145,0.700737906531839
3950,3560,2391,5377,0.152996676316072,"Bigleaf Maple",1.65202843998327,1.10955056179775,0.671629213483146
3927,3375,2548,5728,0.186535473847747,"Bigleaf Maple",1.54120879120879,1.16355555555556,0.754962962962963
3755,2603,1650,3035,-0.106038291605302,"Bigleaf Maple",2.27575757575758,1.44256626968882,0.63388398002305
4387,3737,2653,7273,0.247512864493997,"Bigleaf Maple",1.65359969845458,1.17393631255017,0.70992774953171
4098,2699,1747,4135,0.00449410907324183,"Bigleaf Maple",2.3457355466514,1.51834012597258,0.647276769173768
3716,3065,1984,4257,0.0678540072745516,"Bigleaf Maple",1.87298387096774,1.21239804241436,0.647308319738989
4066,3347,2314,3854,-0.0267676767676768,"Bigleaf Maple",1.7571305099395,1.21481924111144,0.691365401852405
4222,3499,2415,5644,0.144131360227042,"Bigleaf Maple",1.74824016563147,1.20663046584738,0.690197199199771
3979,3363,2363,4803,0.0938282851286723,"Bigleaf Maple",1.68387642826915,1.18316978887898,0.702646446625037
4423,3978,2837,7809,0.276814911706998,"Bigleaf Maple",1.55904124074727,1.11186525892408,0.713172448466566
4044,3253,2164,5125,0.117897262514996,"Bigleaf Maple",1.86876155268022,1.24316015985244,0.665232093452198
4080,3691,2539,6122,0.200156831993727,"Bigleaf Maple",1.60693186293816,1.10539149282037,0.687889460850718
4783,4399,3313,7922,0.24706808343172,"Bigleaf Maple",1.44370661032297,1.08729256649238,0.753125710388725
3854,2651,1487,4559,0.0837988826815642,"Bigleaf Maple",2.59179556153329,1.45379102225575,0.560920407393436
4007,3433,2389,5937,0.194086886564763,"Bigleaf Maple",1.67727082461281,1.167200699097,0.695892805126711
3946,3361,2364,4106,0.0198708395429707,"Bigleaf Maple",1.66920473773266,1.17405534067242,0.703362094614698
3856,3204,2258,4133,0.034672674928026,"Bigleaf Maple",1.70770593445527,1.20349563046192,0.704744069912609
4102,3637,2605,5931,0.182298415229742,"Bigleaf Maple",1.5746641074856,1.12785262579049,0.716249656310146
4294,3831,2935,7112,0.247062949324917,"Bigleaf Maple",1.46303236797274,1.12085617332289,0.766118506917254
4111,3181,2249,3921,-0.0236553784860558,"Bigleaf Maple",1.82792352156514,1.29236089280101,0.707010374096196
4299,3693,2597,4884,0.0637046716759229,"Bigleaf Maple",1.6553715825953,1.16409423233144,0.703222312483076
3920,2847,1730,5095,0.130338325013866,"Bigleaf Maple",2.26589595375723,1.37688795223042,0.607657182999649
3837,3135,2018,3899,0.00801447776628749,"Bigleaf Maple",1.9013875123885,1.22392344497608,0.643700159489633
3826,2842,1858,4110,0.0357862903225806,"Bigleaf Maple",2.05920344456405,1.34623504574243,0.653764954257565
4801,4080,3075,5165,0.0365241822195465,"Bigleaf Maple",1.56130081300813,1.17671568627451,0.753676470588235
4258,3727,2475,8175,0.315048660822006,"Bigleaf Maple",1.72040404040404,1.14247383954924,0.664072980949826
4122,3458,2344,5142,0.110103626943005,"Bigleaf Maple",1.75853242320819,1.19201850780798,0.677848467322152
4346,3793,2706,4646,0.0333629893238434,"Bigleaf Maple",1.60606060606061,1.14579488531505,0.713419456894279
4100,3503,2544,4672,0.0652074783401733,"Bigleaf Maple",1.61163522012579,1.17042534970026,0.726234656009135
3766,3171,2278,3056,-0.104075051304603,"Bigleaf Maple",1.65320456540825,1.18763796909492,0.71838536739199
4111,3652,2688,4074,-0.00452046426389737,"Bigleaf Maple",1.52938988095238,1.12568455640745,0.736035049288061
3892,3277,2207,5302,0.153360887535349,"Bigleaf Maple",1.76347983688265,1.18767165090021,0.673481843149222
5278,4718,3872,4491,-0.0805609581328693,"Bigleaf Maple",1.36311983471074,1.1186943620178,0.82068673166596
3886,3237,2217,5494,0.171428571428571,"Bigleaf Maple",1.75281912494362,1.20049428483163,0.684893419833179
3760,2695,1574,4759,0.117267284892593,"Bigleaf Maple",2.38881829733164,1.39517625231911,0.58404452690167
3888,3189,2142,5790,0.196528208307502,"Bigleaf Maple",1.81512605042017,1.21919096895579,0.671683913452493
3913,3251,2169,5077,0.129477196885428,"Bigleaf Maple",1.8040571692024,1.20362965241464,0.667179329437096
3788,2791,1697,5924,0.21993410214168,"Bigleaf Maple",2.23217442545669,1.35721963453959,0.608025797205303
3789,2523,1777,4216,0.0533416614615865,"Bigleaf Maple",2.13224535734384,1.50178359096314,0.70432025366627
4265,3750,2707,5787,0.15141265419817,"Bigleaf Maple",1.57554488363502,1.13733333333333,0.721866666666667
4610,4036,3144,4529,-0.00886311412627202,"Bigleaf Maple",1.46628498727735,1.14222001982161,0.778989098116947
3954,3400,2481,4384,0.0515711201727033,"Bigleaf Maple",1.59371221281741,1.16294117647059,0.729705882352941
4070,3410,2321,6282,0.213678516228748,"Bigleaf Maple",1.75355450236967,1.19354838709677,0.680645161290323
3861,3182,2227,4439,0.0696385542168675,"Bigleaf Maple",1.73372249663224,1.21338780641106,0.699874292897549
4803,4246,3332,4733,-0.00734060402684564,"Bigleaf Maple",1.44147659063625,1.13118228921338,0.784738577484691
3680,2412,1298,2986,-0.104110411041104,"Bigleaf Maple",2.83513097072419,1.5257048092869,0.538142620232173
4158,3562,2461,4768,0.0683396818283666,"Bigleaf Maple",1.68955709061357,1.16732172936552,0.690903986524425
4568,4095,3055,6588,0.181068483327357,"Bigleaf Maple",1.49525368248772,1.11550671550672,0.746031746031746
3567,2966,1938,3556,-0.00154429313491506,"Bigleaf Maple",1.8405572755418,1.20262980445044,0.653405259608901
4232,3833,2800,4168,-0.00761904761904762,"Bigleaf Maple",1.51142857142857,1.10409600834855,0.730498304200365
4218,3801,2796,6492,0.212324929971989,"Bigleaf Maple",1.50858369098712,1.10970797158642,0.73559589581689
4261,3808,2781,7629,0.283263246425568,"Bigleaf Maple",1.532182668105,1.11896008403361,0.730304621848739
3698,3027,1976,4091,0.0504557709590448,"Bigleaf Maple",1.87145748987854,1.22167162206805,0.652791542781632
4695,4043,3075,6848,0.186519968812267,"Bigleaf Maple",1.52682926829268,1.16126638634677,0.760573831313381
3989,3300,2206,4497,0.0598633042658496,"Bigleaf Maple",1.80825022665458,1.20878787878788,0.668484848484848
4279,3991,2924,5079,0.0854883522120111,"Bigleaf Maple",1.46340629274966,1.07216236532197,0.732648459032824
3970,3393,2264,6204,0.219579319834873,"Bigleaf Maple",1.75353356890459,1.1700559976422,0.667256115531978
3750,2707,1521,4822,0.125058329444704,"Bigleaf Maple",2.465483234714,1.3852973771703,0.561876616180273
3968,3403,2411,3246,-0.100083171610757,"Bigleaf Maple",1.64579012857735,1.16602997355275,0.708492506611813
3769,2885,1662,4350,0.0715605370119473,"Bigleaf Maple",2.26774969915764,1.30641247833622,0.576083188908146
3735,3085,2002,6724,0.28578257959652,"Bigleaf Maple",1.86563436563437,1.21069692058347,0.648946515397083
4141,3413,2538,4561,0.0482647667202942,"Bigleaf Maple",1.63159968479117,1.21330208028128,0.743627307354234
3822,3260,2199,5637,0.191880748493498,"Bigleaf Maple",1.73806275579809,1.17239263803681,0.674539877300613
3833,2665,1794,4270,0.0539306429717389,"Bigleaf Maple",2.13656633221851,1.43827392120075,0.673170731707317
4369,3632,2699,5087,0.0759306260575296,"Bigleaf Maple",1.61874768432753,1.20291850220264,0.743116740088106
4445,3992,2836,7079,0.228566469975703,"Bigleaf Maple",1.56734837799718,1.11347695390782,0.710420841683367
4636,4144,3318,4734,0.0104589114194237,"Bigleaf Maple",1.39722724532851,1.11872586872587,0.800675675675676
3832,3436,2395,7427,0.319300115463185,"Bigleaf Maple",1.6,1.11525029103609,0.697031431897555
4695,4190,3236,4950,0.0264385692068429,"Bigleaf Maple",1.4508652657602,1.12052505966587,0.772315035799523
4031,3575,2574,7262,0.286106437616222,"Bigleaf Maple",1.56604506604507,1.12755244755245,0.72
3960,3194,2330,3099,-0.121971950701232,"Bigleaf Maple",1.69957081545064,1.23982467125861,0.729492798998121
3901,3230,2126,4588,0.0809282601013076,"Bigleaf Maple",1.8349012229539,1.2077399380805,0.658204334365325
3929,2909,1908,3909,-0.0025516713447308,"Bigleaf Maple",2.05922431865828,1.35063595737367,0.655895496734273
3751,2747,1526,4590,0.100587459537226,"Bigleaf Maple",2.45806028833552,1.3654896250455,0.55551510738988
4563,4144,2943,9444,0.348468622831441,"Bigleaf Maple",1.55045871559633,1.10111003861004,0.710183397683398
4498,4075,3029,7984,0.2792821663195,"Bigleaf Maple",1.48497854077253,1.10380368098159,0.743312883435583
4247,3584,2560,4594,0.0392489537382649,"Bigleaf Maple",1.658984375,1.18498883928571,0.714285714285714
4078,3465,2458,6119,0.200156908894773,"Bigleaf Maple",1.65907241659886,1.17691197691198,0.709379509379509
4787,4133,3137,5702,0.0872342453999428,"Bigleaf Maple",1.52598023589417,1.15823856762642,0.759012823614808
3911,3007,1856,5464,0.165653333333333,"Bigleaf Maple",2.10721982758621,1.30063185899568,0.617226471566345
3729,3077,2016,3854,0.0164842410655413,"Bigleaf Maple",1.84970238095238,1.21189470263243,0.65518362040949
4278,3785,2752,6301,0.191227904338784,"Bigleaf Maple",1.55450581395349,1.13025099075297,0.727080581241744
4128,3645,2622,5274,0.121888959795788,"Bigleaf Maple",1.57437070938215,1.13251028806584,0.719341563786008
3860,2824,1494,5115,0.13983286908078,"Bigleaf Maple",2.58366800535475,1.36685552407932,0.529036827195467
3898,3182,2186,4077,0.0224451410658307,"Bigleaf Maple",1.78316559926807,1.22501571338781,0.686989314896292
3841,2849,1723,5224,0.152564809707667,"Bigleaf Maple",2.22925130586187,1.34819234819235,0.604773604773605
3873,3249,2230,4240,0.0452360409219771,"Bigleaf Maple",1.73677130044843,1.19205909510619,0.686365035395506
4279,3525,2616,6534,0.208545269582909,"Bigleaf Maple",1.63570336391437,1.21390070921986,0.742127659574468
4192,3627,2627,5485,0.133615790017567,"Bigleaf Maple",1.59573658165207,1.15577612351806,0.724290046870692
4363,3879,2970,5680,0.131136114706761,"Bigleaf Maple",1.46902356902357,1.12477442639856,0.765661252900232
4243,3574,2541,4866,0.0683938961466681,"Bigleaf Maple",1.6698150334514,1.18718522663682,0.710968102965865
3563,2269,1371,2515,-0.172425139848634,"Bigleaf Maple",2.59883296863603,1.5702952842662,0.604230938739533
3798,3206,2136,4840,0.120629775410975,"Bigleaf Maple",1.77808988764045,1.18465377417342,0.666250779787898
3841,2838,1553,3795,-0.00602409638554217,"Bigleaf Maple",2.47327752736639,1.35341789992953,0.547216349541931
3981,3346,2311,4484,0.0594211458948612,"Bigleaf Maple",1.72263089571614,1.18977884040646,0.690675433353258
3945,3423,2259,5571,0.170870113493064,"Bigleaf Maple",1.74634794156707,1.15249780893953,0.659947414548642
3988,3306,2217,4091,0.0127491026117094,"Bigleaf Maple",1.79882724402346,1.20629159104658,0.67059891107078
3998,3448,2434,7343,0.294947535490697,"Bigleaf Maple",1.64256368118324,1.15951276102088,0.705916473317865
4112,3604,2557,6700,0.2393636699963,"Bigleaf Maple",1.60813453265546,1.14095449500555,0.709489456159822
3863,3205,2057,4596,0.0866532687078851,"Bigleaf Maple",1.87797763733593,1.20530421216849,0.641809672386895
3860,2792,1732,3440,-0.0575342465753425,"Bigleaf Maple",2.22863741339492,1.38252148997135,0.620343839541547
3503,2285,1337,2581,-0.151545036160421,"Bigleaf Maple",2.62004487658938,1.53304157549234,0.585120350109409
4252,3825,2796,7182,0.256253279692146,"Bigleaf Maple",1.52074391988555,1.1116339869281,0.730980392156863
3929,3293,2330,4847,0.104603463992707,"Bigleaf Maple",1.6862660944206,1.1931369571819,0.707561494078348
3795,3152,2163,4817,0.118671620993962,"Bigleaf Maple",1.75450762829404,1.20399746192893,0.686230964467005
4465,3952,2825,6845,0.210433244916004,"Bigleaf Maple",1.58053097345133,1.12980769230769,0.714827935222672
3757,3144,2095,4790,0.120861120861121,"Bigleaf Maple",1.79331742243437,1.19497455470738,0.666348600508906
4317,3858,3015,5507,0.121131921824104,"Bigleaf Maple",1.4318407960199,1.11897356143079,0.78149300155521
4959,4496,3443,4871,-0.00895218718209563,"Douglas-Fir",1.44031367993029,1.10298042704626,0.765791814946619
3924,2778,1864,4441,0.0618051404662283,"Douglas-Fir",2.10515021459227,1.41252699784017,0.670986321094312
4506,3988,3097,4082,-0.0493712156497438,"Douglas-Fir",1.45495640942848,1.12988966900702,0.776579739217653
4135,3441,2511,5097,0.104202772963605,"Douglas-Fir",1.64675428116288,1.20168555652427,0.72972972972973
4123,3420,2350,5450,0.138619032696125,"Douglas-Fir",1.75446808510638,1.20555555555556,0.687134502923977
4732,4034,3146,5133,0.0406487582361885,"Douglas-Fir",1.50413223140496,1.17302925136341,0.779871095686663
3579,2482,1350,4131,0.0715953307392996,"Douglas-Fir",2.65111111111111,1.441982272361,0.543916196615633
3847,2990,1613,5731,0.196700772603884,"Douglas-Fir",2.38499690018599,1.2866220735786,0.539464882943144
4047,3422,2300,5458,0.148448185165702,"Douglas-Fir",1.7595652173913,1.18264172998247,0.672121566335476
4712,3747,2748,4272,-0.0489759572573464,"Douglas-Fir",1.71470160116448,1.25753936482519,0.733386709367494
4021,3019,1893,4356,0.0399904500417811,"Douglas-Fir",2.12414157422081,1.3318979794634,0.627028817489235
3815,2967,1599,5868,0.212021067850873,"Douglas-Fir",2.38586616635397,1.28581058308055,0.538928210313448
4149,3617,2589,8392,0.338330276692449,"Douglas-Fir",1.60254924681344,1.14708321813658,0.715786563450373
3840,3135,2088,3985,0.0185303514376997,"Douglas-Fir",1.83908045977011,1.22488038277512,0.666028708133971
5223,4828,3752,7311,0.1665868836764,"Douglas-Fir",1.39205756929638,1.08181441590721,0.777133388566694
3972,3482,2157,5564,0.166946308724832,"Douglas-Fir",1.84144645340751,1.14072372199885,0.619471568064331
4558,4125,2973,8029,0.275760705489791,"Douglas-Fir",1.53313151698621,1.1049696969697,0.720727272727273
3920,3345,2292,3923,0.000382506693867143,"Douglas-Fir",1.71029668411867,1.17189835575486,0.685201793721973
5185,5086,4028,6166,0.0864241036032068,"Douglas-Fir",1.28723932472691,1.01946519858435,0.791977978765238
3730,3220,2230,4718,0.116950757575758,"Douglas-Fir",1.67264573991031,1.1583850931677,0.692546583850932
3796,2812,1723,5494,0.182777179763186,"Douglas-Fir",2.2031340684852,1.34992887624467,0.612731152204836
3929,3458,2430,4750,0.0945961516303722,"Douglas-Fir",1.61687242798354,1.13620589936379,0.702718334297282
3675,2647,1443,4271,0.0750062924742009,"Douglas-Fir",2.54677754677755,1.3883641858708,0.545145447676615
4794,4212,3349,6115,0.121092675772298,"Douglas-Fir",1.43147208121827,1.13817663817664,0.795109211775878
4014,3431,2341,5205,0.129189716889034,"Douglas-Fir",1.71465185818026,1.16992130574177,0.68230836490819
4438,4088,3046,8072,0.29048760991207,"Douglas-Fir",1.456992777413,1.08561643835616,0.745107632093933
4497,3993,2891,4829,0.0355993995282007,"Douglas-Fir",1.55551712210308,1.12622088655147,0.724017029802154
5590,4875,4201,4540,-0.10365251727542,"Douglas-Fir",1.3306355629612,1.14666666666667,0.86174358974359
4726,4255,3189,6038,0.121887774061687,"Douglas-Fir",1.48196926936344,1.11069330199765,0.749471210340776
4278,3857,2820,5762,0.147808764940239,"Douglas-Fir",1.51702127659574,1.10915219082188,0.731138190303345
4224,3756,2632,6247,0.193200267405214,"Douglas-Fir",1.6048632218845,1.12460063897764,0.700745473908413
3954,3095,2063,3388,-0.0770907109779352,"Douglas-Fir",1.91662627241881,1.27754442649435,0.666558966074313
4208,3272,2482,4340,0.0154422087037904,"Douglas-Fir",1.69540692989525,1.28606356968215,0.758557457212714
4329,3803,2800,7884,0.29108327192336,"Douglas-Fir",1.54607142857143,1.13831185905864,0.736260846699974
3773,2734,1632,4170,0.0499811154475639,"Douglas-Fir",2.31188725490196,1.38002926115582,0.596927578639356
3926,3225,2256,4433,0.0606531881804044,"Douglas-Fir",1.74024822695035,1.21736434108527,0.69953488372093
4704,4133,2933,6433,0.155248271527341,"Douglas-Fir",1.60381861575179,1.13815630292766,0.70965400435519
4267,3697,2562,7188,0.254997817546923,"Douglas-Fir",1.66549570647931,1.15417906410603,0.692994319718691
4024,3414,2499,4025,0.000124239035905081,"Douglas-Fir",1.61024409763906,1.17867603983597,0.731985940246046
3713,2704,1570,4417,0.0865928659286593,"Douglas-Fir",2.36496815286624,1.37315088757396,0.580621301775148
4257,3791,2786,4786,0.0584982859670463,"Douglas-Fir",1.52799712849964,1.12292271168557,0.734898443682406
3947,3397,2254,4415,0.0559674718966754,"Douglas-Fir",1.7511091393079,1.16190756549897,0.663526641153959
4269,3714,2598,7220,0.256854382452781,"Douglas-Fir",1.6431870669746,1.14943457189015,0.69951534733441
4299,3766,2668,5097,0.0849297573435504,"Douglas-Fir",1.61131934032984,1.14152947424323,0.708443972384493
4303,3640,2630,7189,0.251131221719457,"Douglas-Fir",1.6361216730038,1.18214285714286,0.722527472527473
3520,2266,1359,2726,-0.127121357668908,"Douglas-Fir",2.59013980868286,1.55339805825243,0.599735216240071
3961,3329,2275,4524,0.0663523865645256,"Douglas-Fir",1.7410989010989,1.18984680084109,0.683388404926404
4755,4174,3206,7356,0.214763438196681,"Douglas-Fir",1.48315658140986,1.13919501677048,0.768088164829899
4266,3769,2717,5829,0.15482912332838,"Douglas-Fir",1.57011409642989,1.13186521623773,0.720880870257363
4344,3856,2829,6510,0.199557766721946,"Douglas-Fir",1.5355249204666,1.12655601659751,0.733661825726141
4478,3869,3087,4938,0.0488530161427358,"Douglas-Fir",1.45059928733398,1.15740501421556,0.797880589299561
3905,3380,2283,5294,0.150994673334058,"Douglas-Fir",1.71046868155935,1.15532544378698,0.675443786982248
4087,3526,2587,6473,0.22594696969697,"Douglas-Fir",1.57982218786239,1.15910380034033,0.733692569483834
4078,3454,2418,6915,0.258073319385063,"Douglas-Fir",1.68651778329198,1.18066010422698,0.70005790387956
3690,3016,2029,3957,0.0349156531973323,"Douglas-Fir",1.81862986692952,1.22347480106101,0.672745358090186
5064,4585,3510,5358,0.028209556706966,"Douglas-Fir",1.44273504273504,1.10447110141767,0.765539803707743
3856,2785,1755,4215,0.0444802378887375,"Douglas-Fir",2.197150997151,1.38456014362657,0.63016157989228
4128,3591,2526,6253,0.20470089586745,"Douglas-Fir",1.63420427553444,1.14954051796157,0.703425229741019
4686,4013,3136,5764,0.103157894736842,"Douglas-Fir",1.49426020408163,1.16770495888363,0.781460254173935
4168,3646,2746,5227,0.11271953166578,"Douglas-Fir",1.51784413692644,1.14317059791552,0.753154141524959
3995,3522,2508,6045,0.204183266932271,"Douglas-Fir",1.59290271132376,1.13429869392391,0.712095400340716
4290,3666,2640,4705,0.0461367426347971,"Douglas-Fir",1.625,1.17021276595745,0.72013093289689
4347,3813,2755,8019,0.296943231441048,"Douglas-Fir",1.57785843920145,1.14004720692368,0.722528193023866
3979,2648,1532,2768,-0.179487179487179,"Douglas-Fir",2.59725848563969,1.50264350453172,0.578549848942598
4769,3719,2880,5231,0.0462,"Douglas-Fir",1.65590277777778,1.28233396074213,0.774401720892713
3887,2954,1849,5690,0.188263548083951,"Douglas-Fir",2.10221741481882,1.31584292484766,0.625930941096818
3753,2475,1339,3516,-0.0326042096574494,"Douglas-Fir",2.80283793876027,1.51636363636364,0.541010101010101
3507,2505,1514,3229,-0.041270783847981,"Douglas-Fir",2.31638044914135,1.4,0.60439121756487
4321,3549,2734,4477,0.0177313025687656,"Douglas-Fir",1.58046817849305,1.21752606367991,0.770357847280924
3965,3325,2313,3523,-0.0590277777777778,"Douglas-Fir",1.71422395157804,1.19248120300752,0.695639097744361
4120,3600,2529,7197,0.271891844128303,"Douglas-Fir",1.62910241202056,1.14444444444444,0.7025
4018,3401,2327,6483,0.234739548614418,"Douglas-Fir",1.72668672110013,1.1814172302264,0.684210526315789
4047,2696,1729,3703,-0.0443870967741936,"Douglas-Fir",2.34065934065934,1.50111275964392,0.641320474777448
4320,3788,3138,5491,0.119355825094282,"Douglas-Fir",1.37667304015296,1.14044350580781,0.828405491024287
4128,3457,2442,4857,0.081135225375626,"Douglas-Fir",1.69041769041769,1.19409892970784,0.706392826149841
5352,4575,4295,4347,-0.103618929786576,"Douglas-Fir",1.24610011641444,1.16983606557377,0.93879781420765
3813,2544,1432,4480,0.0804292777040878,"Douglas-Fir",2.6627094972067,1.49882075471698,0.562893081761006
4400,3908,2951,5634,0.122981861670321,"Douglas-Fir",1.49101999322264,1.12589559877175,0.755117707267144
3976,3273,2267,4090,0.0141333994545004,"Douglas-Fir",1.75385972651081,1.21478765658417,0.692636724717385
4226,3681,2627,5549,0.135345268542199,"Douglas-Fir",1.60867910163685,1.14805759304537,0.713664765009508
4370,3731,2661,5274,0.0937370385732061,"Douglas-Fir",1.64223975948891,1.17126775663361,0.71321361565264
4820,4384,3470,5736,0.0867752936718454,"Douglas-Fir",1.38904899135447,1.09945255474453,0.791514598540146
4266,3724,2708,3912,-0.0432868672046955,"Douglas-Fir",1.57533234859675,1.14554242749731,0.727175080558539
4358,3832,2689,7389,0.258023325104282,"Douglas-Fir",1.62067683153589,1.13726513569937,0.701722338204593
5647,5040,4113,7613,0.148265460030166,"Douglas-Fir",1.37296377340141,1.12043650793651,0.816071428571429
4376,3410,2655,3662,-0.0888280666832545,"Douglas-Fir",1.64821092278719,1.28328445747801,0.778592375366569
4129,3526,2395,5862,0.17345611049945,"Douglas-Fir",1.72400835073069,1.17101531480431,0.679239931934203
4386,3720,2587,5127,0.0778934090192368,"Douglas-Fir",1.69540007730962,1.17903225806452,0.695430107526882
4442,3846,2728,6742,0.205650929899857,"Douglas-Fir",1.6282991202346,1.15496619864795,0.709308372334893
6780,6065,5149,6385,-0.0300037979491075,"Douglas-Fir",1.31676053602641,1.11788953009068,0.848969497114592
4367,3726,2693,6275,0.179289607216689,"Douglas-Fir",1.62161158559228,1.17203435319377,0.722758990874933
4125,3641,2510,7231,0.273511799929553,"Douglas-Fir",1.64342629482072,1.13293051359517,0.689371051908816
4460,3207,2236,5529,0.107017719491441,"Douglas-Fir",1.99463327370304,1.39070782662925,0.697224820704708
3945,3390,2460,4603,0.0769770706598035,"Douglas-Fir",1.60365853658537,1.16371681415929,0.725663716814159
3717,2631,1398,5048,0.151853964632059,"Douglas-Fir",2.6587982832618,1.41277080957811,0.531356898517674
3727,2753,1556,5441,0.18695462478185,"Douglas-Fir",2.3952442159383,1.35379585906284,0.565201598256448
4444,3896,2834,7154,0.23366097603035,"Douglas-Fir",1.56810162314749,1.14065708418891,0.72741273100616
5428,4775,3961,5126,-0.0286147432253174,"Douglas-Fir",1.37036101994446,1.13675392670157,0.829528795811518
3774,2664,1451,4061,0.0366305041480536,"Douglas-Fir",2.60096485182633,1.41666666666667,0.54466966966967
4395,3758,2846,4714,0.035020309583928,"Douglas-Fir",1.54427266338721,1.16950505588079,0.757317722192656
3997,3284,2258,4822,0.0935480213176097,"Douglas-Fir",1.77015057573074,1.21711327649208,0.687576126674787
4104,3202,1981,5117,0.10985793297907,"Douglas-Fir",2.07168096920747,1.28169893816365,0.618675827607745
4390,3860,2734,7476,0.260070790493848,"Douglas-Fir",1.60570592538405,1.13730569948187,0.708290155440415
4435,3974,2987,6337,0.176568882287412,"Douglas-Fir",1.48476732507533,1.11600402617011,0.751635631605435
4377,3814,2765,7190,0.243191838851906,"Douglas-Fir",1.58300180831826,1.14761405348715,0.724960671211327
4254,3731,2619,7078,0.249205788916343,"Douglas-Fir",1.62428407789233,1.14017689627446,0.701956580005361
4654,4111,3096,7008,0.201852169439204,"Douglas-Fir",1.50322997416021,1.13208465093651,0.753101435173924
4248,3695,2662,6214,0.187918180080291,"Douglas-Fir",1.59579263711495,1.14966170500677,0.72043301759134
4207,3661,2641,5999,0.175582990397805,"Douglas-Fir",1.59295721317683,1.1491395793499,0.721387599016662
4420,3858,2799,6209,0.168313105654342,"Douglas-Fir",1.57913540550197,1.14567133229653,0.725505443234837
4606,3942,2934,5859,0.119732441471572,"Douglas-Fir",1.56987048398091,1.16844241501776,0.744292237442922
3820,3164,2138,4933,0.127156403518794,"Douglas-Fir",1.7867165575304,1.20733249051833,0.675726927939317
4054,3482,2469,5133,0.117448568629585,"Douglas-Fir",1.64196030781693,1.16427340608845,0.709075244112579
3739,2733,1666,3931,0.0250325945241199,"Douglas-Fir",2.24429771908764,1.36809366995975,0.609586534943286
4108,3647,2541,6013,0.188222507657346,"Douglas-Fir",1.61668634395907,1.12640526460104,0.696737044145873
4183,3696,2771,5623,0.146848868039976,"Douglas-Fir",1.50956333453627,1.13176406926407,0.749729437229437
4388,3795,2695,5636,0.124501197126895,"Douglas-Fir",1.62820037105751,1.1562582345191,0.710144927536232
4078,3483,2678,3963,-0.014301703768188,"Douglas-Fir",1.52277819268111,1.17082974447316,0.768877404536319
3911,3238,2140,3884,-0.00346375881975625,"Douglas-Fir",1.82757009345794,1.20784434836319,0.660901791229154
3787,2653,1513,3710,-0.0102707749766573,"Douglas-Fir",2.50297422339722,1.42744063324538,0.570297776102525
4070,3510,2432,7762,0.312035158891143,"Douglas-Fir",1.67351973684211,1.15954415954416,0.692877492877493
4662,3971,2900,4289,-0.0416713216400402,"Douglas-Fir",1.60758620689655,1.17401158398388,0.730294636111811
3711,2997,2015,4301,0.0736395406889666,"Douglas-Fir",1.84168734491315,1.23823823823824,0.672339005672339
4868,4419,3526,6177,0.118515165233137,"Douglas-Fir",1.38060124787294,1.10160669834804,0.797918081013804
4138,3485,2472,4489,0.0406862176886519,"Douglas-Fir",1.67394822006472,1.18737446197991,0.709325681492109
4223,3209,2434,3926,-0.0364461897165296,"Douglas-Fir",1.73500410846343,1.31598628856342,0.758491741975693
4353,3764,2722,6112,0.16808408982322,"Douglas-Fir",1.5991917707568,1.15648246546227,0.723166843783209
4576,4096,2990,7562,0.246004284066568,"Douglas-Fir",1.5304347826087,1.1171875,0.72998046875
4375,3831,2779,5752,0.135973141107929,"Douglas-Fir",1.57430730478589,1.1419994779431,0.725398068389454
4144,3267,2021,4744,0.0675067506750675,"Douglas-Fir",2.05047006432459,1.26844199571472,0.618610345883073
4755,4043,2978,4932,0.0182719108082998,"Douglas-Fir",1.59670920080591,1.17610685134801,0.736581746228049
4300,3582,2554,4471,0.0194960665830578,"Douglas-Fir",1.68363351605325,1.20044667783361,0.713009491903964
4197,3669,2525,7858,0.303691414350892,"Douglas-Fir",1.66217821782178,1.14390842191333,0.68819841918779
4041,3641,2776,4910,0.0970841246788068,"Douglas-Fir",1.4556916426513,1.10985992859105,0.762427904421862
5134,4553,3604,6767,0.137215360053777,"Douglas-Fir",1.42452830188679,1.12760817043707,0.791566000439271
4687,4233,3175,7558,0.234463046141282,"Douglas-Fir",1.47622047244094,1.10725253957004,0.750059059768486
6152,5433,4632,4416,-0.164269492808478,"Douglas-Fir",1.32815198618307,1.1323394073256,0.852567642186637
4113,3570,2543,4575,0.0531767955801105,"Douglas-Fir",1.61738104600865,1.15210084033613,0.712324929971989
4039,3513,2430,6823,0.256306389246916,"Douglas-Fir",1.66213991769547,1.14972957586109,0.691716481639624
4184,3641,2557,7003,0.25198891570573,"Douglas-Fir",1.63629253030896,1.14913485306235,0.702279593518264
4009,3354,2379,3921,-0.0110970996216898,"Douglas-Fir",1.68516183270282,1.19528920691711,0.709302325581395
3799,3156,2255,3968,0.0217587228015965,"Douglas-Fir",1.68470066518847,1.20373891001267,0.714512040557668
4171,3744,2672,5929,0.174059405940594,"Douglas-Fir",1.56100299401198,1.11404914529915,0.713675213675214
3984,3343,2298,5214,0.133724722765819,"Douglas-Fir",1.73368146214099,1.19174394256656,0.687406521088842
4578,3832,2900,3423,-0.144356955380577,"Douglas-Fir",1.57862068965517,1.1946764091858,0.75678496868476
4147,3506,2448,6248,0.202116402116402,"Douglas-Fir",1.69403594771242,1.18282943525385,0.698231602966343
4031,3401,2482,5502,0.154306094618693,"Douglas-Fir",1.62409347300564,1.18523963540135,0.729785357247868
4129,3589,2564,6600,0.230310373753379,"Douglas-Fir",1.6103744149766,1.1504597380886,0.714405126776261
4035,3491,2343,7280,0.286787450287229,"Douglas-Fir",1.72215108834827,1.15582927527929,0.671154397020911
4468,3198,2393,4211,-0.0296117064177901,"Douglas-Fir",1.86711241119933,1.39712320200125,0.748280175109443
4371,3866,2941,7432,0.259340845547742,"Douglas-Fir",1.48622917375042,1.13062596999483,0.760734609415416
4223,3894,2679,7200,0.260614549592927,"Douglas-Fir",1.57633445315416,1.08448895737031,0.687981510015408
4453,4062,2921,6556,0.191025524570806,"Douglas-Fir",1.52447791852105,1.09625800098474,0.719103889709503
4273,3272,2606,3964,-0.0375136578851524,"Douglas-Fir",1.63967766692249,1.30592909535452,0.796454767726161
5790,5101,4162,5267,-0.0473003527177354,"Douglas-Fir",1.39115809706872,1.13507155459714,0.815918447363262
3926,3423,2366,5384,0.156605800214823,"Douglas-Fir",1.65934065934066,1.14694712240725,0.69120654396728
4729,4242,3205,6094,0.126120299362469,"Douglas-Fir",1.47550702028081,1.11480433757661,0.755539839698256
4032,3420,2390,3930,-0.012810851544838,"Douglas-Fir",1.68702928870293,1.17894736842105,0.698830409356725
4111,3479,2434,4838,0.0812381271650464,"Douglas-Fir",1.68898931799507,1.18166139695315,0.699626329405001
4071,3509,2394,6294,0.214471780028944,"Douglas-Fir",1.70050125313283,1.16015958962667,0.682245654032488
4332,3760,2835,4703,0.0410625345877144,"Douglas-Fir",1.52804232804233,1.15212765957447,0.753989361702128
4218,3808,2834,6520,0.214378841497486,"Douglas-Fir",1.48835568101623,1.10766806722689,0.74422268907563
4305,3614,2561,7045,0.241409691629956,"Douglas-Fir",1.68098399062866,1.19120088544549,0.70863309352518
4611,4085,3087,5984,0.129589428975932,"Douglas-Fir",1.49368318756074,1.12876376988984,0.755691554467564
5169,4781,3712,6326,0.100652457590257,"Douglas-Fir",1.39251077586207,1.0811545701736,0.776406609495921
4274,3737,2700,7629,0.281861715533899,"Douglas-Fir",1.58296296296296,1.14369815359914,0.722504682900722
5266,4585,3709,4397,-0.0899306633550657,"Douglas-Fir",1.41978970072796,1.14852780806979,0.808942202835333
3677,2196,1368,2300,-0.230383135352183,"Douglas-Fir",2.68786549707602,1.67440801457195,0.622950819672131
4167,3736,2740,5821,0.165598718462155,"Douglas-Fir",1.52080291970803,1.11536402569593,0.733404710920771
4012,3381,2356,5480,0.154656552886641,"Douglas-Fir",1.70288624787776,1.18663117420881,0.696835255841467
4400,3675,2578,4541,0.0157700480930545,"Douglas-Fir",1.70674941815361,1.19727891156463,0.701496598639456
4272,3772,2808,5089,0.0872770003204786,"Douglas-Fir",1.52136752136752,1.13255567338282,0.744432661717922
4054,3491,2494,5312,0.134315609651933,"Douglas-Fir",1.62550120288693,1.16127184187912,0.714408478945861
3720,2746,1656,6281,0.256074392560744,"Douglas-Fir",2.2463768115942,1.35469774217043,0.603058994901675
4091,3709,2834,5569,0.153002070393375,"Douglas-Fir",1.44354269583627,1.10299272040981,0.764087355082232
4044,3379,2436,5034,0.109054857898215,"Giant Sequoia",1.66009852216749,1.19680378810299,0.720923350103581
4466,3724,2834,6059,0.151353919239905,"Giant Sequoia",1.57586450247001,1.19924812030075,0.761009667024705
3583,2432,1392,3520,-0.00886949176404336,"Giant Sequoia",2.57399425287356,1.47327302631579,0.572368421052632
3943,3581,2538,7277,0.297147950089127,"Giant Sequoia",1.55358550039401,1.10108908126222,0.708740575258308
4371,3848,2762,5895,0.148451198129749,"Giant Sequoia",1.58254887762491,1.13591476091476,0.717775467775468
4611,4031,3308,4597,-0.00152041702867072,"Giant Sequoia",1.39389359129383,1.14388489208633,0.820640039692384
4224,3737,2666,6822,0.235198261814231,"Giant Sequoia",1.58439609902476,1.13031843724913,0.713406475782713
4147,3540,2605,4951,0.0883710705649593,"Giant Sequoia",1.59193857965451,1.17146892655367,0.735875706214689
4784,4327,3355,3910,-0.100529100529101,"Giant Sequoia",1.42593144560358,1.10561590016177,0.775363993529004
3912,3311,2192,4604,0.0812588069516205,"Giant Sequoia",1.78467153284672,1.18151615826034,0.662035638779825
3978,3122,2105,5450,0.156130674586339,"Giant Sequoia",1.88978622327791,1.27418321588725,0.674247277386291
4137,3433,2509,4479,0.0396935933147632,"Giant Sequoia",1.6488640892786,1.20506845324789,0.730847655112147
4137,3660,2528,7448,0.285800604229607,"Giant Sequoia",1.63647151898734,1.13032786885246,0.690710382513661
3540,2530,1414,3203,-0.0499777547085867,"Giant Sequoia",2.5035360678925,1.39920948616601,0.558893280632411
4051,3578,2408,7588,0.303892086949051,"Giant Sequoia",1.68230897009967,1.13219675796534,0.673001676914477
4101,3401,2404,2893,-0.172719473834715,"Giant Sequoia",1.70590682196339,1.20582181711261,0.706850926198177
4227,3802,2658,7566,0.283134062579496,"Giant Sequoia",1.5902934537246,1.11178327196213,0.699105733824303
3877,2941,2000,4024,0.0186052398430578,"Giant Sequoia",1.9385,1.31825909554573,0.680040802448147
3978,3479,2362,5024,0.116196400799822,"Giant Sequoia",1.68416596104996,1.1434320206956,0.678930727220466
4554,4068,2992,8169,0.284131101155388,"Giant Sequoia",1.52205882352941,1.11946902654867,0.735496558505408
4013,3357,2295,5107,0.119956140350877,"Giant Sequoia",1.74858387799564,1.19541257074769,0.683646112600536
4032,3428,2441,4379,0.0412554987516348,"Giant Sequoia",1.65178205653421,1.17619603267211,0.712077012835473
4250,3638,2659,5207,0.101194882097917,"Giant Sequoia",1.5983452425724,1.16822429906542,0.73089609675646
3897,3289,2188,5770,0.19375193958829,"Giant Sequoia",1.78107861060329,1.18485861964123,0.665247795682578
4114,3388,2277,5384,0.133712360496947,"Giant Sequoia",1.80676328502415,1.21428571428571,0.672077922077922
3914,3262,2221,4919,0.113777878410506,"Giant Sequoia",1.76226924808645,1.19987737584304,0.680870631514408
4475,4208,3059,7163,0.230967520192473,"Giant Sequoia",1.46289637136319,1.06345057034221,0.726948669201521
4049,3316,2254,4841,0.0890888638920135,"Giant Sequoia",1.7963620230701,1.22104945717732,0.679734620024125
3958,3265,2203,4695,0.0851727724488617,"Giant Sequoia",1.79664094416705,1.21225114854518,0.674732006125574
4136,3499,2484,3459,-0.089137590520079,"Giant Sequoia",1.66505636070853,1.18205201486139,0.709917119176908
3961,3203,2214,3710,-0.0327206361621692,"Giant Sequoia",1.78906955736224,1.23665313768342,0.691226974711208
3593,2351,1258,2932,-0.101302681992337,"Giant Sequoia",2.85612082670906,1.52828583581455,0.535091450446618
4015,3472,2508,5370,0.144379328716036,"Giant Sequoia",1.60087719298246,1.15639400921659,0.722350230414747
3779,3272,2216,5045,0.143472348141432,"Giant Sequoia",1.70532490974729,1.1549511002445,0.677261613691931
4043,3455,2544,5092,0.114833059660646,"Giant Sequoia",1.58922955974843,1.17018813314038,0.736324167872648
4404,3742,2792,4675,0.0298491023240445,"Giant Sequoia",1.57736389684814,1.17691074291823,0.746125066809193
4594,4044,2978,5752,0.111927314904311,"Giant Sequoia",1.54264607118872,1.13600395647873,0.736399604352127
3857,4136,3490,6961,0.286929192087262,"Giant Sequoia",1.10515759312321,0.932543520309478,0.843810444874275
4444,3877,2879,5538,0.109597275095171,"Giant Sequoia",1.54359152483501,1.14624709827186,0.742584472530307
4539,4039,3012,7034,0.215588006567009,"Giant Sequoia",1.50697211155378,1.12379301807378,0.745729140876455
4022,3356,2280,4968,0.105228031145717,"Giant Sequoia",1.7640350877193,1.1984505363528,0.67938021454112
4096,3461,2484,4590,0.0568731291733825,"Giant Sequoia",1.64895330112721,1.18347298468651,0.717711644033516
3754,2857,1747,4946,0.137011494252874,"Giant Sequoia",2.14882655981683,1.31396569828491,0.611480574028701
4405,3879,2890,6585,0.198362147406733,"Giant Sequoia",1.5242214532872,1.13560195926785,0.745037380768239
3518,2468,1418,3758,0.0329851566794942,"Giant Sequoia",2.48095909732017,1.42544570502431,0.574554294975689
3979,3408,2443,7003,0.275359679475505,"Giant Sequoia",1.62873516168645,1.16754694835681,0.716842723004695
4066,3373,2292,4955,0.0985478328344973,"Giant Sequoia",1.7739965095986,1.20545508449452,0.679513785947228
3767,2742,1552,3328,-0.0618745595489782,"Giant Sequoia",2.42719072164948,1.37381473377097,0.566010211524435
4379,3677,2626,5480,0.111674612029618,"Giant Sequoia",1.66755521706017,1.19091650802284,0.714169159641012
4009,3229,2262,3867,-0.0180294565769426,"Giant Sequoia",1.77232537577365,1.24156085475379,0.700526478786002
3779,2623,1549,4175,0.0497862710585869,"Giant Sequoia",2.43963847643641,1.44071673656119,0.590545177277926
4186,3537,2604,3766,-0.0528169014084507,"Giant Sequoia",1.60752688172043,1.18348883234379,0.736217133163698
4037,3501,2319,5883,0.186088709677419,"Giant Sequoia",1.74083656748599,1.1530991145387,0.662382176520994
4538,4047,3022,5978,0.136934195511601,"Giant Sequoia",1.50165453342158,1.1213244378552,0.746725969854213
4170,3457,2488,5002,0.0907108591365024,"Giant Sequoia",1.67604501607717,1.20624819207405,0.71969916112236
4204,3700,2623,6176,0.189980732177264,"Giant Sequoia",1.60274494853221,1.13621621621622,0.708918918918919
4050,3472,2461,6059,0.198733801562964,"Giant Sequoia",1.64567249085737,1.16647465437788,0.708813364055299
4303,3654,2570,6093,0.172181608310889,"Giant Sequoia",1.67431906614786,1.1776135741653,0.703338806787083
6615,5717,4924,4864,-0.152539419810088,"Giant Sequoia",1.34341998375305,1.15707538919013,0.861290886828756
3872,3162,2087,4734,0.100162677201952,"Giant Sequoia",1.8552946813608,1.22454142947502,0.660025300442758
4318,3656,2756,5716,0.139326290611919,"Giant Sequoia",1.56676342525399,1.18107221006565,0.75382932166302
4543,4001,2963,2641,-0.264755011135857,"Giant Sequoia",1.53324333445832,1.13546613346663,0.740564858785304
3937,3551,2539,5171,0.135485287659201,"Giant Sequoia",1.55061047656558,1.10870177414813,0.715009856378485
4994,4299,3177,4719,-0.028312570781427,"Giant Sequoia",1.57192319798552,1.16166550360549,0.739009071877181
5289,4694,3751,5035,-0.024602867105773,"Giant Sequoia",1.41002399360171,1.12675756284619,0.79910524073285
4101,3614,2590,5161,0.114446123947312,"Giant Sequoia",1.58339768339768,1.13475373547316,0.716657443276148
4287,3662,2679,5895,0.157925751325869,"Giant Sequoia",1.60022396416573,1.17067176406335,0.731567449481158
4127,3396,2369,5040,0.0995963783135159,"Giant Sequoia",1.74208526804559,1.21525323910483,0.697585394581861
4296,3565,2521,3491,-0.103377423911648,"Giant Sequoia",1.7040856802856,1.20504908835905,0.707152875175316
4622,4117,2965,5809,0.113795417505512,"Giant Sequoia",1.55885328836425,1.12266213262084,0.720184600437212
4266,3714,2655,5566,0.132221318144833,"Giant Sequoia",1.60677966101695,1.1486268174475,0.71486268174475
4031,3382,2335,4204,0.0210078931390407,"Giant Sequoia",1.72633832976445,1.19189828503844,0.690419869899468
3714,3100,2092,4627,0.109459297446349,"Giant Sequoia",1.77533460803059,1.19806451612903,0.674838709677419
4258,3682,2613,6520,0.209871961402858,"Giant Sequoia",1.62954458476847,1.15643671917436,0.70966865833786
3670,2592,1538,4121,0.0578873058657425,"Giant Sequoia",2.38621586475943,1.41589506172839,0.593364197530864
3783,3158,2059,4383,0.0734753857457752,"Giant Sequoia",1.83729966002914,1.19791006966434,0.651994933502217
3717,2649,1382,4106,0.0497251693723635,"Giant Sequoia",2.68958031837916,1.40317100792752,0.521706304265761
3817,2877,1771,4366,0.0670903091775632,"Giant Sequoia",2.15527950310559,1.32672923183872,0.615571776155718
3996,3410,2363,4750,0.0862108392407958,"Giant Sequoia",1.69107067287347,1.17184750733138,0.692961876832845
4113,3484,2541,4692,0.0657580919931857,"Giant Sequoia",1.61865407319953,1.18053960964409,0.729334098737084
4473,3992,3017,4941,0.0497131931166348,"Giant Sequoia",1.48259860788863,1.12049098196393,0.755761523046092
3858,2823,1655,4814,0.110239852398524,"Giant Sequoia",2.33111782477341,1.36663124335813,0.586255756287637
4800,4004,3036,4042,-0.0857272110382266,"Giant Sequoia",1.58102766798419,1.1988011988012,0.758241758241758
4004,3406,2404,3575,-0.0566037735849057,"Giant Sequoia",1.66555740432612,1.17557251908397,0.705813270698767
3919,3159,2179,3967,0.00608673598782653,"Giant Sequoia",1.79853143643873,1.24058246280469,0.689775245330801
4005,3422,2423,5339,0.142765410958904,"Giant Sequoia",1.65290961617829,1.17036820572764,0.708065458796026
3762,2759,1806,4687,0.109480411883063,"Giant Sequoia",2.08305647840532,1.36353751359188,0.654584994563248
3891,2839,1882,5425,0.164662945470159,"Giant Sequoia",2.06748140276302,1.37055301162381,0.662909475167312
4448,3903,2837,6983,0.221765374857843,"Giant Sequoia",1.56785336623194,1.13963617729951,0.726876761465539
4122,3568,2506,4480,0.0416182283189956,"Giant Sequoia",1.64485235434956,1.15526905829596,0.702354260089686
3815,3075,2128,4181,0.0457728864432216,"Giant Sequoia",1.79276315789474,1.24065040650407,0.692032520325203
4291,3642,2593,5998,0.16590533579551,"Giant Sequoia",1.65483995372156,1.1781987918726,0.711971444261395
5489,4838,4029,4302,-0.121233786130119,"Giant Sequoia",1.36237279722015,1.13455973542786,0.832782141380736
4112,3561,2596,4721,0.0689459979621873,"Giant Sequoia",1.58397534668721,1.15473181690536,0.729008705419826
3581,3008,1905,4244,0.0847284345047923,"Giant Sequoia",1.87979002624672,1.1904920212766,0.633311170212766
4650,4188,3256,5652,0.0972626674432149,"Giant Sequoia",1.42813267813268,1.11031518624642,0.777459407831901
4601,4080,3147,6304,0.156166895919303,"Giant Sequoia",1.4620273276136,1.12769607843137,0.771323529411765
3896,3290,2343,4300,0.0492923377257199,"Giant Sequoia",1.66282543747332,1.18419452887538,0.712158054711246
4331,3879,3051,5150,0.0863832929015927,"Giant Sequoia",1.41953457882661,1.11652487754576,0.786542923433875
4736,4333,3213,6091,0.125150087743604,"Giant Sequoia",1.474011826953,1.09300715439649,0.741518578352181
3955,3391,2372,4722,0.0883946064307941,"Giant Sequoia",1.66736930860034,1.16632261869655,0.69949867295783
3912,3142,1627,5442,0.163566388710712,"Giant Sequoia",2.40442532267978,1.24506683640993,0.517823042647995
4166,3622,2612,4797,0.0704005355349771,"Giant Sequoia",1.59494640122511,1.15019326339039,0.721148536720044
4195,3697,2616,5959,0.173724640535749,"Giant Sequoia",1.60359327217125,1.13470381390316,0.707600757370841
3966,3384,2333,4739,0.088799540493969,"Giant Sequoia",1.69995713673382,1.17198581560284,0.689420803782506
3839,3228,2127,4525,0.0820181731229077,"Giant Sequoia",1.80488951574988,1.18928128872367,0.658921933085502
3934,3257,2178,4616,0.079766081871345,"Giant Sequoia",1.80624426078972,1.20785999385938,0.668713540067547
4104,3646,2485,7298,0.280126293632696,"Giant Sequoia",1.65150905432596,1.12561711464619,0.681568842567197
4035,3358,2271,5239,0.129825318093595,"Giant Sequoia",1.77675033025099,1.20160810005956,0.676295413936867
4745,3803,3029,4786,0.00430175217710628,"Giant Sequoia",1.56652360515021,1.24769918485406,0.796476465947936
3736,2738,1744,3617,-0.0161838705290358,"Giant Sequoia",2.14220183486239,1.3644996347699,0.636961285609934
3994,3346,2299,5007,0.112543050772136,"Giant Sequoia",1.73727707699,1.19366407650926,0.687089061566049
3761,2918,1626,4458,0.0848035040759216,"Giant Sequoia",2.3130381303813,1.28889650445511,0.557230980123372
4514,4070,3084,6498,0.180167090446785,"Giant Sequoia",1.46368352788586,1.10909090909091,0.757739557739558
4121,3532,2395,6307,0.209627924817798,"Giant Sequoia",1.72066805845511,1.1667610419026,0.678086070215176
3921,3310,2254,4254,0.0407339449541284,"Giant Sequoia",1.73957409050577,1.18459214501511,0.680966767371601
4082,3320,2360,6931,0.2586942704077,"Giant Sequoia",1.72966101694915,1.22951807228916,0.710843373493976
4386,3867,2853,7330,0.251280300443837,"Giant Sequoia",1.53732912723449,1.13421256788208,0.7377812257564
4220,3613,2511,5421,0.124572139819521,"Giant Sequoia",1.68060533651931,1.16800442845281,0.69499031275948
4337,3820,2737,6246,0.180383634130209,"Giant Sequoia",1.58458165875046,1.13534031413613,0.716492146596859
3634,2559,1405,2970,-0.100545124167171,"Giant Sequoia",2.5864768683274,1.42008597108245,0.54904259476358
3872,3215,2172,4246,0.046070460704607,"Giant Sequoia",1.78268876611418,1.20435458786936,0.675583203732504
4386,3874,2873,5437,0.106993790084496,"Giant Sequoia",1.52662721893491,1.13216313887455,0.741610738255034
4839,4282,3442,5407,0.055436267811829,"Giant Sequoia",1.40586868099942,1.13007940214853,0.803829985987856
3823,3081,2049,3840,0.00221845230327548,"Giant Sequoia",1.86578818936066,1.24083089905875,0.665043816942551
4142,3632,2537,6790,0.242224661544091,"Giant Sequoia",1.63263697280252,1.14041850220264,0.698513215859031
4115,3492,2473,4377,0.0308525671219972,"Giant Sequoia",1.66397088556409,1.17840778923253,0.708190148911798
3911,3334,2256,5974,0.208700050581689,"Giant Sequoia",1.73359929078014,1.17306538692262,0.676664667066587
4031,3333,2321,4292,0.0313588850174216,"Giant Sequoia",1.73675140025851,1.20942094209421,0.696369636963696
3831,2872,1678,4970,0.129417111691853,"Giant Sequoia",2.28307508939213,1.33391364902507,0.584261838440111
4156,3600,2577,5678,0.154769168191987,"Giant Sequoia",1.61272797826931,1.15444444444444,0.715833333333333
4084,3359,2386,4529,0.0516660861488448,"Giant Sequoia",1.7116512992456,1.21583804703781,0.710330455492706
4230,3295,2320,4265,0.00412007062978222,"Giant Sequoia",1.82327586206897,1.28376327769347,0.704097116843703
3679,2703,1441,4562,0.107147190874894,"Giant Sequoia",2.5530881332408,1.36108028116907,0.533111357750647
3980,3437,2354,7048,0.278200943054044,"Giant Sequoia",1.69073916737468,1.15798661623509,0.684899621763166
4396,3887,2922,5735,0.132168591451979,"Giant Sequoia",1.50444900752909,1.13094931824029,0.751736557756625
3980,3437,2354,7048,0.278200943054044,"Giant Sequoia",1.69073916737468,1.15798661623509,0.684899621763166
3840,3265,2131,4547,0.0842971265053058,"Giant Sequoia",1.80197090567809,1.17611026033691,0.652679938744257
3811,3229,2162,5372,0.169988021343787,"Giant Sequoia",1.7627197039778,1.18024156085475,0.669557138432951
4084,3424,2406,6029,0.19232670819737,"Giant Sequoia",1.69742310889443,1.19275700934579,0.70268691588785
4468,3759,2624,4504,0.00401248328131966,"Giant Sequoia",1.70274390243902,1.18861399308327,0.69805799414738
4360,3731,2757,7949,0.291575270127549,"Giant Sequoia",1.58142908959013,1.16858751005092,0.738943982846422
3997,3635,2611,5768,0.181362007168459,"Giant Sequoia",1.53083109919571,1.09958734525447,0.718294360385144
4369,4042,3100,5057,0.072989603225122,"Giant Sequoia",1.40935483870968,1.08090054428501,0.766947055912914
4283,3698,2798,5518,0.126007550249974,"Giant Sequoia",1.53073624017155,1.15819361817198,0.756625202812331
4447,3903,2833,7327,0.244606760659079,"Giant Sequoia",1.56971408400988,1.13937996413016,0.725851908788112
4566,3936,2858,3950,-0.072334429309535,"Giant Sequoia",1.59762071378586,1.16006097560976,0.726117886178862
4302,3858,2760,7027,0.240533145026039,"Giant Sequoia",1.55869565217391,1.11508553654743,0.715396578538103
3832,3318,2230,6833,0.281387716830755,"Giant Sequoia",1.71838565022422,1.15491259795057,0.67209162145871
3807,3055,1941,3363,-0.0619246861924686,"Giant Sequoia",1.9613601236476,1.24615384615385,0.635351882160393
3815,3161,2173,3936,0.015610888917559,"Giant Sequoia",1.75563736769443,1.20689655172414,0.687440683328061
4698,4148,3149,4732,0.00360551431601273,"Giant Sequoia",1.4919021911718,1.13259402121504,0.759161041465767
4273,3876,2945,7046,0.244986306210796,"Giant Sequoia",1.4509337860781,1.10242518059856,0.759803921568627
4544,3955,2955,5443,0.0900170221287674,"Giant Sequoia",1.53773265651438,1.14892541087231,0.747155499367889
3753,3029,2042,3582,-0.0233128834355828,"Giant Sequoia",1.83790401567091,1.23902277979531,0.674149884450314
4735,4149,3265,4871,0.0141578180303977,"Giant Sequoia",1.45022970903522,1.1412388527356,0.786936611231622
4098,3617,2626,5201,0.118614904828476,"Giant Sequoia",1.56054836252856,1.13298313519491,0.726016035388444
3939,3295,2248,5495,0.164935340258639,"Giant Sequoia",1.75222419928826,1.19544764795144,0.682245827010622
3743,2584,1623,3910,0.0218215079053966,"Giant Sequoia",2.30622304374615,1.44852941176471,0.628095975232198
3811,3189,2128,4411,0.072974945268791,"Giant Sequoia",1.79088345864662,1.195045468799,0.667293822514895
3732,3185,2088,4036,0.03913491246138,"Giant Sequoia",1.78735632183908,1.17174254317111,0.655572998430141
4569,4194,3034,6423,0.168668122270742,"Giant Sequoia",1.50593276203032,1.08941344778255,0.723414401525989
4465,4042,3000,5264,0.0821256038647343,"Giant Sequoia",1.48833333333333,1.1046511627907,0.74220682830282
4326,3758,2800,5273,0.0986561100114595,"Giant Sequoia",1.545,1.15114422565194,0.745077168706759
4103,3440,2325,5056,0.104050660552462,"Giant Sequoia",1.7647311827957,1.19273255813953,0.675872093023256
4097,3569,2439,6376,0.217607180368567,"Giant Sequoia",1.67978679786798,1.14794059960773,0.683384701597086
3846,3161,2047,4708,0.100771568856675,"Giant Sequoia",1.87884709330728,1.2167035748181,0.647579879784878
3807,2907,1567,4877,0.123215108245048,"Giant Sequoia",2.42948308870453,1.30959752321981,0.539043687650499
3902,3249,2227,4643,0.0867173785839672,"Giant Sequoia",1.7521329142344,1.20098491843644,0.685441674361342
4512,3916,2931,4972,0.0485027414592999,"Giant Sequoia",1.53940634595701,1.15219611848825,0.748467824310521
3900,3354,2366,5520,0.171974522292994,"Giant Sequoia",1.64835164835165,1.16279069767442,0.705426356589147
3874,3183,2209,4282,0.0500245218244237,"Giant Sequoia",1.75373472159348,1.21709079484763,0.693999371661954
3842,3146,2130,3753,-0.0117182356813693,"Giant Sequoia",1.8037558685446,1.2212333121424,0.677050222504768
3826,2813,1479,5148,0.147314464007132,"Norway Maple",2.5868830290737,1.36011375755421,0.525773195876289
4323,3735,2740,5250,0.0968348480100282,"Norway Maple",1.57773722627737,1.1574297188755,0.733601070950469
4063,3425,2394,7199,0.278458533120227,"Norway Maple",1.69715956558062,1.18627737226277,0.698978102189781
4135,3258,2204,2164,-0.312906810604858,"Norway Maple",1.87613430127042,1.26918354818907,0.676488643339472
4478,3836,2979,4466,-0.00134168157423971,"Norway Maple",1.50318898959382,1.16736183524505,0.776590198123045
4334,3747,2741,7809,0.286173103845837,"Norway Maple",1.58117475373951,1.15665866026154,0.731518548171871
4068,3699,2505,7314,0.285187137585662,"Norway Maple",1.62395209580838,1.09975669099757,0.677210056772101
4203,3757,2783,4231,0.0033198956604221,"Norway Maple",1.5102407473949,1.1187117380889,0.740750598882087
5264,4612,3684,5257,-0.000665335994677312,"Norway Maple",1.42888165038002,1.14137033824805,0.798785776235906
4136,3499,2484,3459,-0.089137590520079,"Norway Maple",1.66505636070853,1.18205201486139,0.709917119176908
3701,2689,1534,4358,0.0815237622533813,"Norway Maple",2.41264667535854,1.37634808478988,0.570472294533284
4744,3993,3076,4858,0.0118725265569673,"Norway Maple",1.54226267880364,1.18807913849236,0.770348109191084
4286,3548,2564,4831,0.0597784358889986,"Norway Maple",1.67160686427457,1.20800450958286,0.722660653889515
5094,4610,3806,4455,-0.0669180018850141,"Norway Maple",1.33841303205465,1.10498915401302,0.825596529284165
3657,3059,2066,3898,0.0318994043679682,"Norway Maple",1.77008712487899,1.19548872180451,0.675384112455051
4071,3250,2050,5595,0.157666045934202,"Norway Maple",1.98585365853659,1.25261538461538,0.630769230769231
4545,4047,3005,5616,0.105403011514615,"Norway Maple",1.51247920133111,1.12305411415864,0.742525327403015
3682,2644,1412,4316,0.0792698174543636,"Norway Maple",2.60764872521246,1.39258698940998,0.534039334341906
4307,3688,2586,5701,0.139288569144684,"Norway Maple",1.66550657385924,1.16784164859002,0.70119305856833
4016,3302,2252,5025,0.111602698816503,"Norway Maple",1.78330373001776,1.21623258631133,0.682010902483343
6362,5734,4720,5625,-0.0614832735463419,"Norway Maple",1.3478813559322,1.10952214858737,0.823160097663062
4652,4235,3413,6442,0.161348476654047,"Norway Maple",1.3630237327864,1.09846517119244,0.805903187721369
4070,3397,2371,5421,0.142345379833526,"Norway Maple",1.71657528469,1.19811598469238,0.697968795996467
9178,8312,6947,5769,-0.228072522914297,"Norway Maple",1.32114581833885,1.10418671799808,0.835779595765159
4520,3966,2861,6895,0.208059570740254,"Norway Maple",1.57986717930793,1.13968734241049,0.721381744831064
3771,2603,1581,4512,0.0894603404563564,"Norway Maple",2.38519924098672,1.4487130234345,0.607376104494814
3535,2375,1389,3269,-0.0390946502057613,"Norway Maple",2.54499640028798,1.48842105263158,0.584842105263158
4012,3503,2404,7616,0.309941520467836,"Norway Maple",1.66888519134775,1.14530402512132,0.686268912360834
6895,6256,5484,5192,-0.140895176636055,"Norway Maple",1.2572939460248,1.10214194373402,0.876598465473146
4440,3889,2841,5067,0.0659514042284632,"Norway Maple",1.56282998944034,1.14168166623811,0.73052198508614
4246,3750,2955,4920,0.0735326205542221,"Norway Maple",1.43688663282572,1.13226666666667,0.788
4424,3978,2928,6023,0.153058294247152,"Norway Maple",1.51092896174863,1.11211664152841,0.73604826546003
3926,3266,2177,5148,0.134670487106017,"Norway Maple",1.80339917317409,1.20208205756277,0.666564605021433
3689,2543,1426,3559,-0.0179359823399559,"Norway Maple",2.58695652173913,1.45064883995281,0.560755013763272
4032,3349,2269,7666,0.310651393400581,"Norway Maple",1.77699427060379,1.20394147506718,0.67751567632129
4487,3901,2803,6845,0.208083303918108,"Norway Maple",1.60078487334998,1.15021789284799,0.718533709305306
4007,3223,2244,3934,-0.00919279687696764,"Norway Maple",1.78565062388592,1.24325162891716,0.696245733788396
4024,3541,2524,4155,0.0160166279496271,"Norway Maple",1.59429477020602,1.13640214628636,0.712792996328721
5599,4986,3846,3940,-0.173917601425726,"Norway Maple",1.45579823192928,1.12294424388287,0.771359807460891
3805,2758,1624,4441,0.0771283046325491,"Norway Maple",2.3429802955665,1.37962291515591,0.588832487309645
3803,3169,2089,4177,0.0468671679197995,"Norway Maple",1.82048827190043,1.20006311139161,0.659198485326601
4016,3653,2499,8222,0.34368360843275,"Norway Maple",1.60704281712685,1.09937038050917,0.684095264166439
3805,3184,2116,5047,0.140307275192047,"Norway Maple",1.79820415879017,1.19503768844221,0.664572864321608
3960,3395,2283,4829,0.0988735919899875,"Norway Maple",1.73455978975033,1.16642120765832,0.672459499263623
4300,3764,2640,7725,0.284823284823285,"Norway Maple",1.62878787878788,1.14240170031881,0.701381509032944
3793,2843,1582,4727,0.10962441314554,"Norway Maple",2.39759797724399,1.33415406260992,0.556454449525149
4288,3595,2731,6003,0.166650471285589,"Norway Maple",1.57012083485903,1.19276773296245,0.759666203059805
4514,3949,3023,5912,0.134087857279877,"Norway Maple",1.49321865696328,1.14307419599899,0.765510255760952
3791,3225,2173,3365,-0.0595304639463387,"Norway Maple",1.74459272894616,1.17550387596899,0.673798449612403
4287,3662,2663,6062,0.171514155957097,"Norway Maple",1.60983852797597,1.17067176406335,0.727198252321136
3725,2714,1465,4452,0.0889079124373242,"Norway Maple",2.54266211604096,1.37251289609433,0.539793662490789
4333,3926,2890,7053,0.23888986474618,"Norway Maple",1.49930795847751,1.10366785532348,0.736118186449312
3730,2691,1541,4188,0.0578428896185906,"Norway Maple",2.42050616482803,1.38610182088443,0.572649572649573
3916,3112,2131,4249,0.040783833435395,"Norway Maple",1.8376349131863,1.25835475578406,0.684768637532134
4553,4105,2919,5721,0.113685030173253,"Norway Maple",1.55978074683111,1.10913520097442,0.711084043848965
4164,3739,2725,6920,0.248646697942981,"Norway Maple",1.52807339449541,1.11366675581706,0.728804493179995
3958,3383,2357,5562,0.168487394957983,"Norway Maple",1.67925328807807,1.16996748448123,0.696718888560449
4019,3513,2464,6059,0.202421115300655,"Norway Maple",1.63108766233766,1.14403643609451,0.701394819242812
3689,2724,1472,3350,-0.0481602500355164,"Norway Maple",2.50611413043478,1.35425844346549,0.540381791483113
4117,3406,2171,6386,0.216033514234028,"Norway Maple",1.89636112390603,1.20874926600117,0.637404580152672
4120,3524,2477,6613,0.23227429423274,"Norway Maple",1.66330238191361,1.16912599318956,0.702894438138479
3779,2867,1498,7359,0.321422158376728,"Norway Maple",2.52269692923899,1.31810254621556,0.522497384025113
3915,3319,2226,5590,0.176223040504997,"Norway Maple",1.75876010781671,1.17957216028924,0.670683940946068
4261,3704,2759,5481,0.125230958735373,"Norway Maple",1.54440014498007,1.15037796976242,0.744870410367171
3985,3383,2336,4747,0.0872652313330279,"Norway Maple",1.70590753424658,1.17794856636122,0.69051138043157
5123,4817,4092,4894,-0.0228611360686832,"Norway Maple",1.2519550342131,1.06352501556986,0.849491384679261
4541,4086,3084,3990,-0.0645879732739421,"Norway Maple",1.47243839169909,1.11135584924131,0.754772393538913
4169,3668,2663,5557,0.142710261155665,"Norway Maple",1.56552760045062,1.136586695747,0.726008724100327
4030,3508,2397,6034,0.19912559618442,"Norway Maple",1.68126825198164,1.14880273660205,0.683295324971494
3549,2530,1383,4330,0.0991242543469984,"Norway Maple",2.56616052060738,1.40276679841897,0.546640316205534
4478,3802,2766,6143,0.156764899726956,"Norway Maple",1.61894432393348,1.17780115728564,0.727511835875855
6038,5455,4569,4146,-0.185781618224666,"Norway Maple",1.32151455460713,1.10687442713107,0.837580201649862
4439,4178,3298,7159,0.234523193654078,"Norway Maple",1.34596725288053,1.06247008137865,0.789372905696506
3798,2529,1615,6937,0.292408011178388,"Norway Maple",2.35170278637771,1.50177935943061,0.638592328983788
4336,3771,2697,6514,0.20073732718894,"Norway Maple",1.60771227289581,1.14982763192787,0.715194908512331
4172,3584,2362,5546,0.141387116690677,"Norway Maple",1.76629974597798,1.1640625,0.659040178571429
4027,3332,2371,4107,0.00983525940496681,"Norway Maple",1.69843947701392,1.20858343337335,0.711584633853541
3859,2839,1851,4496,0.0762417713943746,"Norway Maple",2.0848190167477,1.35928143712575,0.651990137372314
3973,3500,2333,4803,0.0945761166818596,"Norway Maple",1.70295756536648,1.13514285714286,0.666571428571429
4071,3455,2378,5421,0.142225031605563,"Norway Maple",1.71194280908326,1.17829232995658,0.688277858176556
4225,3643,2629,5345,0.117032392894462,"Norway Maple",1.60707493343477,1.15975844084546,0.72165797419709
4363,3772,2794,6194,0.17343942407881,"Norway Maple",1.56156048675734,1.15668080593849,0.740721102863203
4671,4100,2975,5369,0.0695219123505976,"Norway Maple",1.57008403361345,1.13926829268293,0.725609756097561
3660,2441,1538,3336,-0.0463121783876501,"Norway Maple",2.37971391417425,1.49938549774683,0.630069643588693
4384,3844,2701,6068,0.161117489475698,"Norway Maple",1.6231025546094,1.14047866805411,0.702653485952133
3890,3125,2075,4435,0.0654654654654655,"Norway Maple",1.87469879518072,1.2448,0.664
4366,3895,2858,5755,0.137239403221026,"Norway Maple",1.52764170748775,1.1209242618742,0.733761232349166
4131,3600,2469,6333,0.210435779816514,"Norway Maple",1.67314702308627,1.1475,0.685833333333333
4383,3841,2687,5899,0.147442131880957,"Norway Maple",1.63118719761816,1.14110908617548,0.69955740692528
4133,3610,2579,5797,0.167573011077543,"Norway Maple",1.6025591314463,1.14487534626039,0.714404432132964
3802,2916,1776,5661,0.196449328965444,"Norway Maple",2.14076576576577,1.30384087791495,0.609053497942387
3736,2606,1459,3835,0.0130762118610487,"Norway Maple",2.56065798492118,1.4336147352264,0.559861857252494
4116,3522,2458,5757,0.166210878152537,"Norway Maple",1.67453213995118,1.16865417376491,0.697898921067575
3645,2528,1346,2833,-0.125347329422661,"Norway Maple",2.70802377414562,1.44185126582278,0.532436708860759
3887,3380,2386,6084,0.220338983050847,"Norway Maple",1.62908633696563,1.15,0.705917159763314
4691,4292,3415,6036,0.125384543674839,"Norway Maple",1.37364568081991,1.09296365330848,0.795666356011184
3756,2821,1655,5180,0.159355416293644,"Norway Maple",2.26948640483384,1.33144275079759,0.586671393123006
7447,6925,6138,4694,-0.226752326826456,"Norway Maple",1.21326164874552,1.07537906137184,0.886353790613718
4529,3606,2568,4036,-0.0575598365440747,"Norway Maple",1.7636292834891,1.25596228508042,0.712146422628952
7220,7230,6068,7002,-0.0153283645056954,"Norway Maple",1.18984838497034,0.998616874135546,0.839280774550484
4221,3602,2551,5369,0.11970802919708,"Norway Maple",1.6546452371619,1.17184897279289,0.708217656857302
4133,3527,2552,4817,0.0764245810055866,"Norway Maple",1.61951410658307,1.17181740856252,0.723561100085058
4497,4062,3336,4834,0.0361161719001179,"Norway Maple",1.34802158273381,1.10709010339734,0.821270310192024
4316,3788,2600,6699,0.216341352700862,"Norway Maple",1.66,1.13938753959873,0.686378035902851
3727,2744,1564,4682,0.113568795338328,"Norway Maple",2.38299232736573,1.3582361516035,0.56997084548105
4375,3904,2799,8090,0.298034496590453,"Norway Maple",1.56305823508396,1.12064549180328,0.716956967213115
4088,3360,2526,6239,0.208288951292728,"Norway Maple",1.61836896278702,1.21666666666667,0.751785714285714
4653,3973,2958,4689,0.00385356454720617,"Norway Maple",1.57302231237323,1.17115529826328,0.744525547445255
3913,2737,1892,3840,-0.00941571004772346,"Norway Maple",2.06818181818182,1.42966751918159,0.691267811472415
3923,3362,2234,4853,0.105970829535096,"Norway Maple",1.75604297224709,1.16686496133254,0.664485425342058
4017,3408,2375,5506,0.156358290454689,"Norway Maple",1.69136842105263,1.17869718309859,0.696889671361502
3954,2917,1832,4056,0.0127340823970037,"Norway Maple",2.15829694323144,1.35550222831676,0.628042509427494
3787,2736,1730,3520,-0.0365403038182565,"Norway Maple",2.18901734104046,1.38413742690058,0.632309941520468
3920,3345,2292,3923,0.000382506693867143,"Norway Maple",1.71029668411867,1.17189835575486,0.685201793721973
4493,3875,2724,7654,0.260228863093768,"Norway Maple",1.64941262848752,1.15948387096774,0.702967741935484
3579,2935,1954,3308,-0.0393494990561928,"Norway Maple",1.83162743091095,1.21942078364566,0.665758091993186
4288,3657,2542,6545,0.208344872149912,"Norway Maple",1.68686073957514,1.17254580257041,0.695105277549904
3726,2774,1651,3722,-0.000537056928034372,"Norway Maple",2.25681405208964,1.34318673395818,0.595169430425379
3716,2478,1540,2507,-0.194279286517757,"Norway Maple",2.41298701298701,1.49959644874899,0.621468926553672
4311,3915,2786,6655,0.213751595841693,"Norway Maple",1.54737975592247,1.10114942528736,0.711621966794381
4184,3572,2473,4872,0.0759717314487632,"Norway Maple",1.69187221997574,1.17133258678611,0.692329227323628
3842,3271,2261,5352,0.164237546225799,"Norway Maple",1.69924812030075,1.17456435340874,0.691225924793641
4454,4043,2940,7955,0.282133935047143,"Norway Maple",1.51496598639456,1.10165718525847,0.727182785060599
4356,3908,3024,6783,0.217883113385403,"Norway Maple",1.44047619047619,1.11463664278403,0.773797338792221
4025,3353,2241,5567,0.160758965804837,"Norway Maple",1.79607318161535,1.20041753653445,0.66835669549657
3937,3419,2332,6128,0.217685047193244,"Norway Maple",1.68825042881647,1.15150628838842,0.682070780930097
4301,3791,2621,6861,0.229349578928507,"Norway Maple",1.64097672644029,1.13452914798206,0.691374307570562
4454,4043,2940,7955,0.282133935047143,"Norway Maple",1.51496598639456,1.10165718525847,0.727182785060599
4130,3618,2612,6142,0.195872274143302,"Norway Maple",1.58116385911179,1.14151464897734,0.721945826423438
3973,3568,2756,4717,0.0856156501726122,"Norway Maple",1.44158200290276,1.11350896860987,0.772421524663677
5288,4576,3831,4189,-0.11596496781682,"Norway Maple",1.38031845471156,1.15559440559441,0.837194055944056
4065,3290,2210,4538,0.0549808206439614,"Norway Maple",1.8393665158371,1.2355623100304,0.671732522796353
3916,3254,2247,4378,0.0557029177718833,"Norway Maple",1.7427681352915,1.20344191763983,0.690534726490473
4835,3878,2811,4475,-0.0386680988184748,"Norway Maple",1.72002845962291,1.24677668901496,0.724858174316658
4080,3393,2288,5234,0.12389950611982,"Norway Maple",1.78321678321678,1.20247568523431,0.674329501915709
4298,3804,2684,7231,0.254401942926533,"Norway Maple",1.60134128166915,1.12986330178759,0.705573080967403
4860,4271,3445,3881,-0.112000915227091,"Norway Maple",1.41074020319303,1.13790681339265,0.80660266916413
3960,2726,1639,3823,-0.0176024669150713,"Norway Maple",2.41610738255034,1.45267791636097,0.601247248716067
4318,3712,2772,4876,0.0606917554927126,"Norway Maple",1.55772005772006,1.16325431034483,0.74676724137931
4442,3748,2732,4655,0.0234143124106848,"Norway Maple",1.62591508052709,1.18516542155816,0.728922091782284
3795,2630,1546,3396,-0.0554860241969128,"Norway Maple",2.45472186287193,1.44296577946768,0.587832699619772
4779,4184,3277,3999,-0.0888585099111415,"Norway Maple",1.45834604821483,1.14220841300191,0.783221797323136
3849,3334,2387,4662,0.0955234402537892,"Norway Maple",1.61248428990364,1.15446910617876,0.715956808638272
4751,4406,3545,6771,0.175316785280333,"Norway Maple",1.34019746121298,1.07830231502497,0.80458465728552
3854,3393,2290,5757,0.198002289043804,"Norway Maple",1.68296943231441,1.13586796345417,0.67491895078102
4950,4376,3514,5029,0.00791662491231586,"Norway Maple",1.40865110984633,1.13117001828154,0.803016453382084
4216,3566,2524,5466,0.129105556703161,"Norway Maple",1.67036450079239,1.18227706113292,0.707795849691531
4406,3824,2720,5429,0.10401626842908,"Norway Maple",1.61985294117647,1.15219665271967,0.711297071129707
4041,3344,2232,4851,0.0910931174089069,"Norway Maple",1.81048387096774,1.20843301435407,0.667464114832536
3973,3486,2620,4476,0.0595336726239792,"Norway Maple",1.51641221374046,1.13970166379805,0.751577739529547
4087,3436,2411,4552,0.0538256742678551,"Norway Maple",1.69514724180838,1.18946449359721,0.701688009313155
3916,3220,2183,4730,0.094147582697201,"Norway Maple",1.79386165826844,1.21614906832298,0.677950310559006
3830,2807,1616,3974,0.0184520758585341,"Norway Maple",2.3700495049505,1.36444602778767,0.575703598147488
3709,3061,2129,3799,0.0119872136387853,"Norway Maple",1.74213245655237,1.21169552433845,0.695524338451486
4880,4157,3034,4009,-0.0979862751715604,"Norway Maple",1.60843770599868,1.17392350252586,0.729853259562184
4592,4008,2937,6278,0.155105795768169,"Norway Maple",1.56350017024174,1.14570858283433,0.732784431137725
3660,2731,1540,4944,0.149232914923291,"Norway Maple",2.37662337662338,1.34016843647016,0.56389600878799
4650,4305,3287,6542,0.169049320943531,"Norway Maple",1.41466382719805,1.0801393728223,0.763530778164925
3682,3178,2144,5101,0.161562108618923,"Norway Maple",1.71735074626866,1.15859030837004,0.674638137193203
3866,2732,1688,3705,-0.0212653546427156,"Norway Maple",2.29028436018957,1.41508052708638,0.617862371888726
3762,2561,1566,4136,0.0473537604456825,"Norway Maple",2.40229885057471,1.46895743850059,0.611479890667708
4264,3848,2949,4853,0.0646045848415049,"Norway Maple",1.44591386910817,1.10810810810811,0.766372141372141
3889,2735,1520,4980,0.123012741008005,"Norway Maple",2.55855263157895,1.42193784277879,0.555758683729433
3602,2656,1414,4072,0.0612457649205108,"Norway Maple",2.54738330975955,1.35617469879518,0.532379518072289
4091,3533,2449,6803,0.248944373049385,"Norway Maple",1.67047774601878,1.15793942824795,0.693178601754883
4115,3686,2456,6564,0.229328588819178,"Norway Maple",1.67548859934853,1.11638632664135,0.666304937601736
4661,4150,3027,5531,0.0853610675039247,"Norway Maple",1.53980839114635,1.12313253012048,0.729397590361446
4274,3670,2630,7163,0.252601206610125,"Norway Maple",1.62509505703422,1.16457765667575,0.716621253405995
4307,3934,2845,6513,0.203881700554529,"Norway Maple",1.51388400702988,1.09481443823081,0.723182511438739
4104,3791,2923,6204,0.20372526193248,"Norway Maple",1.40403694834075,1.08256396729095,0.771036665787391
3712,2646,1509,4794,0.127204326357865,"Norway Maple",2.45990722332671,1.40287226001512,0.570294784580499
3856,3301,2306,4573,0.0850634713489145,"Norway Maple",1.67215958369471,1.16813086943351,0.698576189033626
4135,3622,2618,6997,0.257096658282429,"Norway Maple",1.5794499618029,1.1416344561016,0.722805080066262
3652,2448,1504,3354,-0.0425349700256923,"Norway Maple",2.4281914893617,1.49183006535948,0.61437908496732
4003,3411,2404,3628,-0.0491416590224086,"Norway Maple",1.66514143094842,1.17355614189387,0.704778657285254
3869,3325,2201,5491,0.173290598290598,"Western Redcedar",1.75783734666061,1.16360902255639,0.661954887218045
3983,3247,2192,4809,0.0939490445859873,"Western Redcedar",1.81706204379562,1.22667077302125,0.675084693563289
4192,3627,2603,5950,0.17333859199369,"Western Redcedar",1.61044948136765,1.15577612351806,0.717673007995589
3849,2860,1814,5186,0.14798007747648,"Western Redcedar",2.12183020948181,1.3458041958042,0.634265734265734
4461,4027,3237,5892,0.138220805563605,"Western Redcedar",1.37812789620019,1.10777253538614,0.803824186739508
3804,3171,2124,3908,0.0134854771784232,"Western Redcedar",1.7909604519774,1.1996215704825,0.669820245979186
3915,3225,2278,4755,0.0968858131487889,"Western Redcedar",1.71861281826163,1.21395348837209,0.706356589147287
4245,3696,2820,4803,0.0616710875331565,"Western Redcedar",1.50531914893617,1.14853896103896,0.762987012987013
4622,4177,3273,4615,-0.000757821803615893,"Western Redcedar",1.41216009776963,1.10653579123773,0.783576729710318
4104,3561,2550,6849,0.250616269515201,"Western Redcedar",1.60941176470588,1.15248525695029,0.71609098567818
3849,2901,1732,4784,0.108305339974516,"Western Redcedar",2.22228637413395,1.32678386763185,0.597035504998277
3666,2739,1649,5611,0.209658294707341,"Western Redcedar",2.22316555488175,1.33844468784228,0.602044541803578
3802,3018,1986,3703,-0.0131912058627582,"Western Redcedar",1.91440080563948,1.259774685222,0.658051689860835
4203,3633,2546,4434,0.0267453977075373,"Western Redcedar",1.65082482325216,1.15689512799339,0.700798238370493
4302,3748,2637,5524,0.124363932424181,"Western Redcedar",1.63139931740614,1.14781216648879,0.703575240128068
3741,2675,1583,5448,0.185765589291544,"Western Redcedar",2.3632343651295,1.3985046728972,0.591775700934579
4201,3746,2767,8043,0.313786344331918,"Western Redcedar",1.51825081315504,1.12146289375334,0.738654564869194
4000,3492,2488,5998,0.199839967993599,"Western Redcedar",1.60771704180064,1.1454753722795,0.712485681557847
4197,3453,2405,5688,0.150834597875569,"Western Redcedar",1.74511434511435,1.21546481320591,0.696495800752968
3677,2518,1486,3486,-0.0266648052491973,"Western Redcedar",2.47442799461642,1.46028594122319,0.590150913423352
3937,3150,2135,4246,0.0377612122693389,"Western Redcedar",1.8440281030445,1.24984126984127,0.677777777777778
4171,3463,2439,5591,0.145461995492727,"Western Redcedar",1.71012710127101,1.20444701126191,0.704302627779382
5875,5202,4446,5142,-0.0665335390759735,"Western Redcedar",1.32141250562303,1.12937331795463,0.854671280276817
4024,3204,2144,4386,0.0430439952437574,"Western Redcedar",1.87686567164179,1.25593008739076,0.66916354556804
3955,3317,2320,5021,0.118761140819964,"Western Redcedar",1.70474137931034,1.1923424781429,0.69942719324691
4598,3891,2811,4911,0.0329161846671574,"Western Redcedar",1.63571682675205,1.18170136211771,0.722436391673092
4046,3592,2563,8026,0.329688535453943,"Western Redcedar",1.57861880608662,1.12639198218263,0.713530066815145
5096,4434,3369,4987,-0.0108102747198254,"Western Redcedar",1.51261501929356,1.14930085701398,0.759810554803789
4606,4048,3109,4573,-0.00359516287177252,"Western Redcedar",1.48150530717272,1.13784584980237,0.768033596837945
3850,3080,1993,5249,0.153753159687878,"Western Redcedar",1.93176116407426,1.25,0.647077922077922
4359,3776,2772,5084,0.0767764481626602,"Western Redcedar",1.57251082251082,1.15439618644068,0.734110169491525
3854,3213,2075,4372,0.062971067347435,"Western Redcedar",1.85734939759036,1.19950202303143,0.645813881107999
3817,2692,1554,3736,-0.0107242155434927,"Western Redcedar",2.45624195624196,1.41790490341753,0.577265973254086
4515,3940,2989,6059,0.146018536031776,"Western Redcedar",1.51053864168618,1.14593908629442,0.758629441624366
4205,3636,2595,4629,0.0479963776318768,"Western Redcedar",1.62042389210019,1.15649064906491,0.713696369636964
4017,3258,2222,3716,-0.0389240915556705,"Western Redcedar",1.80783078307831,1.2329650092081,0.682013505217925
4245,3773,2672,6481,0.208465411150475,"Western Redcedar",1.58869760479042,1.12509939040551,0.708189769414259
4470,3970,2978,5490,0.102409638554217,"Western Redcedar",1.50100738750839,1.12594458438287,0.750125944584383
3822,3134,2131,3758,-0.00844327176781003,"Western Redcedar",1.79352416705772,1.21952776005105,0.67996171027441
3923,3354,2385,3578,-0.0459938674843354,"Western Redcedar",1.64486373165618,1.16964818127609,0.711091234347048
4037,3589,2632,5791,0.178469678469678,"Western Redcedar",1.53381458966565,1.12482585678462,0.733351908609641
3762,2610,1489,3934,0.0223492723492724,"Western Redcedar",2.5265278710544,1.44137931034483,0.570498084291188
4175,3356,2299,5360,0.124278972207656,"Western Redcedar",1.81600695954763,1.24404052443385,0.685041716328963
3863,2703,1687,3545,-0.04292656587473,"Western Redcedar",2.28986366330765,1.42915279319275,0.624121346651868
4695,4035,3288,3234,-0.1842603102535,"Western Redcedar",1.4279197080292,1.1635687732342,0.814869888475836
4189,3641,2547,5221,0.109670563230606,"Western Redcedar",1.64468001570475,1.15050810216973,0.699533095303488
4415,4113,3010,7441,0.255229419703104,"Western Redcedar",1.46677740863787,1.07342572331631,0.731825917821541
4075,3430,2316,7440,0.292227529309596,"Western Redcedar",1.75949913644214,1.18804664723032,0.675218658892128
3748,2623,1610,3668,-0.0107874865156419,"Western Redcedar",2.32795031055901,1.4288982081586,0.613800991231414
3748,3005,1845,5305,0.171987186567989,"Western Redcedar",2.03143631436314,1.24725457570715,0.613976705490849
4058,3565,2636,5383,0.140345302404406,"Western Redcedar",1.53945371775417,1.1382889200561,0.739410939691445
4279,3739,2657,6281,0.189583333333333,"Western Redcedar",1.61046292811441,1.14442364268521,0.710617812249264
4364,3818,2799,6165,0.171051381897616,"Western Redcedar",1.55912826009289,1.14300680984809,0.733106338397067
3731,2689,1536,4148,0.0529254981596649,"Western Redcedar",2.42903645833333,1.38750464856824,0.571216065451841
4444,4111,3390,6298,0.172593557996649,"Western Redcedar",1.31091445427729,1.08100218924836,0.824616881537339
4409,3929,2977,5306,0.0923314462171899,"Western Redcedar",1.48102116224387,1.1221684907101,0.757699160091626
3864,3183,2189,5319,0.15844495262986,"Western Redcedar",1.76518958428506,1.21394910461828,0.687715991203267
4257,3521,2393,6398,0.200938526513374,"Western Redcedar",1.77893857083159,1.2090315251349,0.679636466912809
4030,3243,2191,5282,0.134450171821306,"Western Redcedar",1.83934276586034,1.24267653407339,0.675609004008634
4168,3608,2529,5959,0.176853954774366,"Western Redcedar",1.64808224594701,1.15521064301552,0.700942350332594
3792,2602,1482,4464,0.0813953488372093,"Western Redcedar",2.5587044534413,1.45734050730208,0.5695618754804
4019,3357,2324,3516,-0.0667551426675514,"Western Redcedar",1.72934595524957,1.19719988084599,0.692284778075663
4082,3434,2381,5594,0.156262918561389,"Western Redcedar",1.71440571188576,1.18870122306348,0.69336051252184
4322,3938,2804,8699,0.336149297288995,"Western Redcedar",1.5413694721826,1.09751142712037,0.71203656678517
3857,2915,1777,4915,0.120611035111719,"Western Redcedar",2.17051209904333,1.32315608919382,0.609605488850772
4316,3725,2692,7268,0.254834254143646,"Western Redcedar",1.60326894502229,1.15865771812081,0.722684563758389
4158,3535,2455,5291,0.119906868451688,"Western Redcedar",1.69368635437882,1.17623762376238,0.694483734087694
4090,3072,2304,5390,0.137130801687764,"Western Redcedar",1.77517361111111,1.33138020833333,0.75
3740,3037,1977,3465,-0.0381679389312977,"Western Redcedar",1.89175518462317,1.23147843266381,0.650971353309187
4087,3410,2413,6021,0.191333597150772,"Western Redcedar",1.69374222958972,1.19853372434018,0.707624633431085
3812,3232,2111,4754,0.109969647443381,"Western Redcedar",1.80577925153955,1.17945544554455,0.653155940594059
3781,3170,2191,4147,0.0461654894046418,"Western Redcedar",1.72569602921041,1.19274447949527,0.691167192429022
4109,2915,2067,3861,-0.0311166875784191,"Western Redcedar",1.98790517658442,1.40960548885077,0.709090909090909
4177,3707,2699,5227,0.111654615057422,"Western Redcedar",1.54761022600963,1.12678715942811,0.728082007013758
4013,3349,2373,5478,0.154356759034875,"Western Redcedar",1.69110830172777,1.19826813974321,0.708569722305166
4078,3484,2426,7682,0.306462585034014,"Western Redcedar",1.68095630667766,1.17049368541906,0.696326061997704
3749,3048,1970,3993,0.0315164040299664,"Western Redcedar",1.90304568527919,1.22998687664042,0.646325459317585
4353,3636,2524,3778,-0.0707170089779855,"Western Redcedar",1.72464342313788,1.19719471947195,0.694169416941694
3870,3240,2275,4087,0.0272715847681287,"Western Redcedar",1.7010989010989,1.19444444444444,0.702160493827161
5989,5165,4224,4017,-0.19708175094943,"Western Redcedar",1.41785037878788,1.1595353339787,0.817812197483059
4313,3687,2557,7812,0.288577319587629,"Western Redcedar",1.68674227610481,1.1697857336588,0.693517765120694
4065,3624,2615,6556,0.234535354486395,"Western Redcedar",1.55449330783939,1.12168874172185,0.721578366445916
4192,3734,2703,7699,0.294928937852157,"Western Redcedar",1.55086940436552,1.12265666845206,0.723888591322978
4776,4199,3116,5513,0.0716298960054427,"Western Redcedar",1.53273427471117,1.13741366992141,0.742081447963801
3905,3020,1834,5473,0.167199829387929,"Western Redcedar",2.12922573609596,1.29304635761589,0.607284768211921
3958,3327,2367,4904,0.106747912435116,"Western Redcedar",1.67215885086608,1.18966035467388,0.711451758340848
3727,3193,2075,4231,0.06333249560191,"Western Redcedar",1.79614457831325,1.16724083933605,0.649859066708425
4047,3387,2457,5368,0.140308019118428,"Western Redcedar",1.64713064713065,1.19486271036315,0.725420726306466
4348,3863,2879,6457,0.195187413234614,"Western Redcedar",1.51024661340743,1.12555009060316,0.745275692466995
4451,3987,2967,5619,0.115988083416087,"Western Redcedar",1.50016852039097,1.11637822924505,0.744168547780286
3832,2935,1654,4794,0.111523301646186,"Western Redcedar",2.31680773881499,1.30562180579216,0.563543441226576
4555,3747,2756,6108,0.145643815061427,"Western Redcedar",1.65275761973875,1.21563917800907,0.73552175073392
3649,2564,1407,3619,-0.00412768299394606,"Western Redcedar",2.59346126510306,1.42316692667707,0.548751950078003
4275,3691,2802,4795,0.0573318632855568,"Western Redcedar",1.52569593147752,1.15822270387429,0.759143863451639
3759,2716,1476,4103,0.0437547697786823,"Western Redcedar",2.54674796747967,1.3840206185567,0.543446244477172
3826,2734,1600,4964,0.129465301478953,"Western Redcedar",2.39125,1.39941477688369,0.585223116313094
3785,2710,1493,4148,0.0457582251355099,"Western Redcedar",2.53516409912927,1.39667896678967,0.550922509225092
4144,2918,1999,3538,-0.0788857068471752,"Western Redcedar",2.07303651825913,1.4201507882111,0.685058259081563
4019,3393,2335,4896,0.0983735277621985,"Western Redcedar",1.72119914346895,1.18449749484232,0.688181550250516
3607,2442,1390,3223,-0.0562225475841874,"Western Redcedar",2.59496402877698,1.47706797706798,0.569205569205569
4295,3802,2780,5956,0.162032972392937,"Western Redcedar",1.54496402877698,1.12966859547607,0.731194108364019
4004,3588,2510,8168,0.342096615182386,"Western Redcedar",1.59521912350598,1.11594202898551,0.699554069119287
4013,3251,2196,3414,-0.0806516763161438,"Western Redcedar",1.82741347905282,1.23438941864042,0.675484466318056
4386,3828,2807,5411,0.104623864448301,"Western Redcedar",1.56252226576416,1.14576802507837,0.733281086729363
3777,2878,1537,4270,0.0612650677271033,"Western Redcedar",2.45738451528953,1.31236970118138,0.534051424600417
3610,2596,1541,3517,-0.0130489687105374,"Western Redcedar",2.34263465282284,1.39060092449923,0.593605546995377
4467,3969,3112,5075,0.0637182980507231,"Western Redcedar",1.43541131105398,1.1254724111867,0.784076593600403
3724,2729,1520,3536,-0.0258953168044077,"Western Redcedar",2.45,1.3646024184683,0.556980578966654
4242,3614,2624,6093,0.179100145137881,"Western Redcedar",1.61661585365854,1.1737686773658,0.72606530160487
3971,3353,2113,4850,0.099648565922231,"Western Redcedar",1.87931850449598,1.18431255592007,0.630181926632866
4150,3584,2506,5634,0.151676206050695,"Western Redcedar",1.6560255387071,1.15792410714286,0.69921875
4124,3673,2689,5077,0.103575698293664,"Western Redcedar",1.53365563406471,1.12278791178873,0.732099101551865
4219,3649,2576,5294,0.113003258698623,"Western Redcedar",1.63781055900621,1.15620718004933,0.705946834749246
4304,3613,2633,5630,0.133480974431246,"Western Redcedar",1.63463729586024,1.19125380570163,0.72875726543039
4064,3501,2467,6352,0.219662058371736,"Western Redcedar",1.64734495338468,1.16081119680091,0.704655812624964
3745,3120,2020,3942,0.0256276831013399,"Western Redcedar",1.8539603960396,1.20032051282051,0.647435897435897
4170,3506,2481,5527,0.139940187686913,"Western Redcedar",1.6807738814994,1.18938961779806,0.707644038790645
4565,4093,3055,4992,0.0446792926650623,"Western Redcedar",1.49427168576105,1.11531883703885,0.746396286342536
3758,2669,1505,4375,0.0758637649083979,"Western Redcedar",2.49700996677741,1.40801798426377,0.563881603596853
4025,3570,2608,7580,0.306333476949591,"Western Redcedar",1.5433282208589,1.12745098039216,0.730532212885154
3772,2747,1673,4587,0.0974997009211628,"Western Redcedar",2.25463239689181,1.37313432835821,0.609028030578813
3996,3331,2323,4931,0.104738433964378,"Western Redcedar",1.72018941024537,1.19963974782348,0.697388171720204
5725,5350,3970,4805,-0.087369420702754,"Western Redcedar",1.44206549118388,1.07009345794393,0.742056074766355
4177,3397,2503,3932,-0.0302133431989148,"Western Redcedar",1.66879744306832,1.22961436561672,0.73682661171622
3604,2914,1948,3650,0.00634132892197408,"Western Redcedar",1.85010266940452,1.23678792038435,0.668496911461908
3870,3146,2040,4061,0.0240827134031018,"Western Redcedar",1.89705882352941,1.23013350286078,0.648442466624285
4053,3424,2415,4689,0.0727522306108442,"Western Redcedar",1.67826086956522,1.18370327102804,0.705315420560748
3897,2957,1811,6563,0.254875717017208,"Western Redcedar",2.15184980673661,1.31788975312817,0.612445045654379
4642,4073,3002,6792,0.188035683050551,"Western Redcedar",1.54630246502332,1.13970046648662,0.737048858335379
4748,4185,3465,5010,0.0268497642959623,"Western Redcedar",1.37027417027417,1.13452807646356,0.827956989247312
4348,3960,3024,4948,0.0645438898450947,"Western Redcedar",1.43783068783069,1.0979797979798,0.763636363636364
3661,2607,1453,4287,0.0787619526925013,"Western Redcedar",2.51961459050241,1.40429612581511,0.557345607978519
4044,3356,2340,4994,0.105111750387254,"Western Redcedar",1.72820512820513,1.20500595947557,0.697258641239571
3684,2712,1403,4187,0.0639054757972303,"Western Redcedar",2.62580185317177,1.35840707964602,0.517330383480826
3927,3196,2171,4428,0.0599640933572711,"Western Redcedar",1.80884385076002,1.22872340425532,0.679286608260325
4285,3850,2876,5696,0.141368600340647,"Western Redcedar",1.48991655076495,1.11298701298701,0.747012987012987
4496,4065,2921,4941,0.0471548161492,"Western Redcedar",1.53919890448477,1.1060270602706,0.718573185731857
4429,3841,2781,6264,0.171607593752922,"Western Redcedar",1.59259259259259,1.15308513407967,0.724030200468628
4325,3909,2806,7001,0.236270527988699,"Western Redcedar",1.54133998574483,1.10642107955999,0.717830647224354
3862,2833,1908,4098,0.0296482412060302,"Western Redcedar",2.02410901467505,1.36321920225909,0.673490998941052
4534,4139,3207,6714,0.193812233285917,"Western Redcedar",1.41378235110695,1.09543367963276,0.77482483691713
4073,3418,2366,6113,0.200274887099941,"Western Redcedar",1.72147083685545,1.19163253364541,0.692217671152721
4109,3583,2589,6139,0.198087431693989,"Western Redcedar",1.58709926612592,1.14680435389339,0.722578844543678
4463,3893,2924,4840,0.0405245619692572,"Western Redcedar",1.52633378932969,1.14641664526072,0.751091703056769
3848,3196,2116,4426,0.0698573845781968,"Western Redcedar",1.81852551984877,1.20400500625782,0.662077596996245
3763,2585,1560,3608,-0.0210283543616877,"Western Redcedar",2.41217948717949,1.45570599613153,0.603481624758221
3688,2992,1977,3216,-0.0683661645422943,"Western Redcedar",1.86545270612038,1.23262032085562,0.660762032085562
3971,3156,2147,3212,-0.105666156202144,"Western Redcedar",1.84955752212389,1.25823827629911,0.680291508238276
4589,3972,3183,4547,-0.00459719789842382,"Western Redcedar",1.44172164624568,1.15533736153071,0.801359516616314
4527,3937,2908,6069,0.145526613816535,"Western Redcedar",1.55674002751032,1.1498602997206,0.738633477266954
4199,3534,2561,5184,0.104977086219759,"Western Redcedar",1.63959390862944,1.18817204301075,0.724674589700057
3823,3117,2119,3826,0.000392208131781932,"Western Redcedar",1.80415290231241,1.22649983958935,0.679820340070581
4228,3678,2603,7321,0.267815395272318,"Western Redcedar",1.62427967729543,1.14953779227841,0.707721587819467
3775,2754,1460,4641,0.102899239543726,"Western Redcedar",2.58561643835616,1.37073347857662,0.530137981118373
3965,3443,2512,5041,0.119475904952254,"Western Redcedar",1.57842356687898,1.15161196630845,0.729596282311937
6045,5325,4649,4724,-0.122666914291021,"Western Redcedar",1.30027963002796,1.13521126760563,0.873051643192488
3820,2626,1663,3565,-0.034529451591063,"Western Redcedar",2.29705351773903,1.45468392993145,0.633282559025133
4045,3332,2440,5394,0.142917681957835,"Western Redcedar",1.6577868852459,1.2139855942377,0.732292917166867
3797,2685,1660,3113,-0.098986975397974,"Western Redcedar",2.28734939759036,1.41415270018622,0.618249534450652
3786,3131,1969,3641,-0.0195233607109196,"Western Redcedar",1.92280345352971,1.20919833918876,0.628872564675822
4460,3865,2847,7211,0.235712449661554,"Western Redcedar",1.56656129258869,1.15394566623545,0.736610608020699
4455,3721,2725,5328,0.0892364305427783,"Western Redcedar",1.6348623853211,1.19725880139747,0.732330018812147
4029,3497,2575,5651,0.167561983471074,"Western Redcedar",1.56466019417476,1.15213039748356,0.736345438947669
3878,3323,2185,5177,0.143456653782441,"Western Redcedar",1.77482837528604,1.16701775504063,0.657538368943726
3895,3062,1773,4760,0.0999422299248989,"Western Redcedar",2.19684151156232,1.27204441541476,0.579033311561071
4307,3764,2695,6118,0.173717026378897,"Western Redcedar",1.59814471243043,1.144261424017,0.715993623804463
4492,4012,2957,5937,0.138555949755489,"Western Redcedar",1.51910720324653,1.11964107676969,0.73703888334995
3953,3419,2451,5577,0.170409233997901,"Western Redcedar",1.61281109751122,1.15618601930389,0.716876279613922
4172,3649,2665,5545,0.141298754759699,"Western Redcedar",1.56547842401501,1.14332693888737,0.730337078651685
3953,3523,2747,4679,0.0841056533827618,"Western Redcedar",1.4390243902439,1.12205506670451,0.779733181947204
3825,3252,2297,5056,0.13861051683369,"Western Redcedar",1.66521549847627,1.17619926199262,0.706334563345633
3909,2802,1636,4073,0.0205462290152844,"Western Redcedar",2.38936430317848,1.39507494646681,0.583868665239115
4007,3284,2258,4164,0.0192142944560029,"Western Redcedar",1.77457927369353,1.22015834348356,0.687576126674787
3898,3190,2158,6079,0.21860278640874,"Western Redcedar",1.80630213160334,1.22194357366771,0.676489028213166
4147,3518,2587,5008,0.0940469688694702,"Western Redcedar",1.60301507537688,1.17879476975554,0.735361000568505
